AADAM;3
AAHIL;5
AARAV;4
AARON;2312
AARONE;9
AARONN;11
AARUSH;12
AAYAN;10
ABABACAR;8
ABASS;10
ABBAS;16
ABBES;3
ABD;23
ABD-ALLAH;6
ABDALLAH;183
ABDALRAHMAN;3
ABDEL;48
ABDEL-HAKIM;3
ABDEL-JALIL;3
ABDEL-KADER;5
ABDEL-MALIK;4
ABDEL-RAHIM;6
ABDEL-RAHMAN;7
ABDELALI;6
ABDELAZIZ;15
ABDELHADI;3
ABDELHAFID;3
ABDELHAKIM;9
ABDELHAMID;7
ABDELILAH;4
ABDELILLAH;3
ABDELJALIL;6
ABDELKADER;53
ABDELKARIM;11
ABDELKRIM;7
ABDELLAH;56
ABDELLATIF;5
ABDELMADJID;3
ABDELMAJID;6
ABDELMALEK;6
ABDELMALIK;8
ABDELNOUR;5
ABDELRAHIM;8
ABDELRAHMAN;17
ABDELRAHMANE;6
ABDELRAHMEN;3
ABDELWAHAB;6
ABDENNOUR;3
ABDENOUR;6
ABDERAHIM;6
ABDERAHMAN;11
ABDERAHMANE;16
ABDERAHMEN;3
ABDERAOUF;3
ABDERRAHIM;11
ABDERRAHMAN;35
ABDERRAHMANE;52
ABDERRAHMEN;6
ABDERRAOUF;3
ABDERRAZAK;4
ABDESSAMAD;8
ABDIAS;3
ABDIRAHMAN;9
ABDOLLAH;4
ABDOU;32
ABDOU-RAHMAN;3
ABDOUL;90
ABDOUL-AZIZ;10
ABDOUL-HAMID;3
ABDOUL-KADER;6
ABDOUL-KARIM;12
ABDOUL-MALIK;3
ABDOUL-RAHIM;3
ABDOULAYE;179
ABDOULAZIZ;4
ABDOULHAKIM;4
ABDOULKARIM;3
ABDOULLAH;32
ABDOULLAHI;4
ABDOURAHAMANE;3
ABDOURAHIM;4
ABDOURAHMAN;5
ABDOURAHMANE;20
ABDOURRAHMAN;3
ABDRAHMAN;4
ABDRAMANE;6
ABDU;3
ABDUL;23
ABDULHAMID;5
ABDULKADIR;5
ABDULLA;3
ABDULLAH;50
ABDULRAHMAN;7
ABDURAHMAN;6
ABDURRAHMAN;9
ABED;7
ABEL;621
ABIB;3
ABIGAEL;3
ABLAYE;7
ABOU;33
ABOU-BAKR;8
ABOUBACAR;129
ABOUBACAR-SIDIKI;3
ABOUBAKA;3
ABOUBAKAR;65
ABOUBAKARY;4
ABOUBAKR;15
ABOUBAKRY;3
ABOULAYE;7
ABRAHAM;66
ABRAM;3
ABRAR;6
ABRIEL;20
ABU;7
ABU-BAKR;3
ABUBAKAR;6
ACE;3
ACHIL;4
ACHILE;9
ACHILLE;564
ACHOUR;3
ACHRAF;36
ACIL;14
ACYL;4
ADAM;3386
ADÂM;4
ADAMA;111
ADAME;31
ADAMS;11
ADAN;57
ADANE;3
ADAR;7
ADEL;195
ADELIN;13
ADELINO;5
ADELIO;3
ADÉLIO;4
ADEM;694
ADÈM;4
ADEN;79
ADHAM;13
ADHAN;17
ADHEN;10
ADI;6
ADIB;16
ADIL;95
ADIM;7
ADIN;3
ADITHYA;6
ADLANE;5
ADLENE;3
ADLÈNE;10
ADNAN;31
ADNANE;12
ADON;3
ADONAI;5
ADONAÏ;13
ADONAY;8
ADONIS;80
ADONYS;15
ADRIAN;180
ADRIÀN;15
ADRIANN;6
ADRIANO;69
ADRIEL;92
ADRIEN;647
ADRYAN;24
ADRYEL;3
ADVIK;4
ADYAN;5
ADYL;8
AEDAN;39
AÉDAN;16
AËDAN;18
AEDANN;3
AEDEN;21
AÉDEN;9
AËDEN;36
AEGON;6
AEL;11
AËL;36
AELIG;3
AËLIG;6
AERON;6
AFFAN;5
AFIF;7
AFONSO;21
AFRAHIM;5
AGHILAS;7
AGUIBOU;4
AGUSTIN;3
AHAD;6
AHARON;16
AHCÈNE;3
AHIL;5
AHMAD;79
AHMADOU;20
AHMADOU-BAMBA;5
AHMED;505
AHMET;42
AHNAF;3
AHRON;5
AIDAN;29
AÏDAN;47
AÏDANN;3
AIDEN;88
AÏDEN;213
AÏDENN;8
AIKO;5
AÏKO;5
AÏLAN;6
AIMÉ;82
AIMERY;3
AIMRANE;5
AINA;5
AINSLEY;4
AÏRON;5
AISSA;9
AÏSSA;68
AÏSSAM;7
AITO;3
AITOR;7
AIWEN;3
AÏWEN;8
AJAN;9
AJAY;7
AJDIN;3
AJEESH;4
AKARAN;6
AKEEM;6
AKHMAD;3
AKIF;15
AKIL;20
AKIM;22
AKIN;6
AKIRA;13
AKLI;5
AKRAM;89
AKSEL;167
AKSHAYAN;7
AKSIL;86
AKSYL;5
AKYM;3
AL;24
AL-AMINE;3
AL-HASSAN;5
AL-HASSANE;5
ALADJI;7
ALAEDDINE;5
ALAIN;22
ALAN;142
ALANN;14
ALARIC;44
ALARICK;4
ALASSANE;57
ALAZ;4
ALBAN;427
ALBÉRIC;10
ALBERT;63
ALBERTO;13
ALBIN;106
ALBION;4
ALDIN;3
ALDO;17
ALDRIC;13
ALEANDRO;3
ALÉANDRO;5
ALEC;108
ALÉCIO;4
ALECK;18
ALEJANDRO;27
ALEK;34
ALEKS;7
ALEKSANDAR;12
ALEKSANDER;14
ALEKSANDRE;8
ALEKSEÏ;6
ALEKSEY;3
ALEKSI;4
ALEKSY;4
ALEN;15
ALENZO;17
ALES;6
ALÈS;4
ALESIO;8
ALÉSIO;8
ALESIU;7
ALESSANDRO;105
ALESSIO;706
ALÉSSIO;21
ALESSYO;19
ALEX;244
ALEXANDER;57
ALEXANDR;4
ALEXANDRE;1039
ALEXANDRO;17
ALEXANDRU;43
ALEXEI;3
ALEXEÏ;12
ALEXEY;4
ALEXI;19
ALEXIAN;5
ALEXIO;23
ALEXIS;626
ALEXY;48
ALEXYS;4
ALEZIO;35
ALÉZIO;27
ALFA;3
ALFIE;7
ALFONSO;6
ALFRED;31
ALFREDO;3
ALHAN;6
ALHASSAN;4
ALHASSANE;29
ALI;755
ALIA;3
ALICIO;6
ALIHAN;9
ALIK;4
ALIM;21
ALIMOU;4
ALIN;4
ALIOCHA;17
ALIOU;35
ALIOUNE;28
ALIOUNE-BADARA;3
ALISTAIR;28
ALIX;179
ALIXAN;3
ALIYAR;3
ALLAN;62
ALLEN;7
ALLISTAIR;3
ALMAMY;7
ALMANZO;4
ALMIR;11
ALOIS;6
ALOÏS;276
ALON;8
ALONE;3
ALONSO;12
ALONZO;35
ALOU;4
ALOYS;42
ALOŸS;6
ALOYSE;3
ALP;12
ALPARSLAN;19
ALPASLAN;8
ALPAY;4
ALPER;5
ALPEREN;17
ALPHA;42
ALPHA-OUMAR;6
ALPHONSE;73
ALRIC;9
ALRICK;7
ALRIK;3
ALSENY;10
ALTAÏR;4
ALTAN;3
ALTAY;6
ALVARO;47
ALVIN;29
ALVINN;3
ALVY;5
ALVYN;11
ALY;66
ALYAN;8
ALYX;6
AMAAN;6
AMAD;3
AMADEO;6
AMADÉO;4
AMADOU;97
AMADY;4
AMAEL;9
AMAËL;99
AMAIUR;4
AMAL;4
AMAN;10
AMAND;3
AMANI;18
AMAR;66
AMARA;37
AMARI;3
AMARIN;6
AMARO;8
AMARU;4
AMARY;3
AMATH;6
AMAURY;453
AMAYAS;24
AMAYES;4
AMAZIGH;4
AMBRE;6
AMBROISE;190
AMBROSE;14
AMDJAD;5
AMDY;4
AMÉ;4
AMED;8
AMÉDÉE;7
AMEDEO;4
AMEDY;3
AMEL;4
AMÉLIEN;3
AMELIO;4
AMEN;9
AMER;3
AMIDOU;4
AMIEL;12
AMIL;4
AMIN;51
AMÎN;5
AMINE;512
AMIR;1360
AMIROUCHE;3
AMJAD;92
AMJED;22
AMMAR;21
AMON;8
AMOR;5
AMORY;11
AMOS;30
AMR;3
AMRAN;4
AMRANE;13
AMYN;3
AMYR;15
ANAEL;6
ANAËL;80
ANAKIN;16
ANAS;752
ANASS;73
ANASSE;9
ANASTASE;4
ANATOLE;335
ANCELIN;8
ANDDY;4
ANDÉOL;6
ANDER;7
ANDERSON;15
ANDGEL;5
ANDI;6
ANDONI;25
ANDRÉ;105
ANDREA;524
ANDRÉA;295
ANDREAS;66
ANDRÉAS;101
ANDREI;39
ANDREÏ;10
ANDRES;5
ANDRÉS;12
ANDRÈS;20
ANDREW;100
ANDREY;3
ANDRIA;61
ANDRY;11
ANDY;141
ANES;101
ANÉS;5
ANÈS;17
ANESS;9
ANGE;303
ANGEL;117
ANGELIN;4
ANGELINO;5
ANGELO;188
ANGÉLO;26
ANGHJULU;4
ANGUS;27
ANH;4
ANICET;14
ANIEL;4
ANIK;4
ANIL;24
ANIR;38
ANIS;283
ANISH;5
ANISS;21
ANISSE;3
ANNAS;7
ANOUAR;35
ANRI;3
ANSELME;41
ANSOUMANE;4
ANTAR;3
ANTHIME;17
ANTHOINE;5
ANTHON;4
ANTHONE;3
ANTHONIN;25
ANTHONY;110
ANTHYME;4
ANTOINE;1455
ANTOINE-MARIE;5
ANTON;182
ANTONE;61
ANTONI;11
ANTONIN;597
ANTONINO;3
ANTONIO;108
ANTONN;10
ANTONY;21
ANTONYO;3
ANTTON;32
ANUAR;9
ANWAR;17
ANYL;3
ANYR;5
ANYS;5
ANZO;9
AODREN;21
AODRENN;3
AOUS;6
AOUSS;3
APOLLIN;7
APOLLINAIRE;5
APOLLO;4
AQIL;4
ARAM;25
ARAMIS;4
ARAS;39
ARCHANGE;9
ARCHIBALD;64
ARCHIE;16
ARDA;19
ARDEN;5
AREG;4
AREL;7
AREN;5
ARES;7
ARÈS;14
ARESKI;3
AREZKI;10
ARGAN;5
ARGANN;4
ARHAM;15
ARI;28
ARIAN;7
ARIE;3
ARIÉ;17
ARIEL;80
ARIF;8
ARILÈS;5
ARIO;3
ARION;9
ARIS;103
ARISH;3
ARISTIDE;67
ARITZ;3
ARIYAN;5
ARJUN;9
ARKAN;14
ARKANE;6
ARKEN;10
ARLO;10
ARLY;4
ARMAN;23
ARMAND;430
ARMANDO;12
ARMANI;4
ARMEL;103
ARMEN;7
ARMIN;9
ARNAUD;85
ARNO;16
ARNOLD;10
ARO;4
ARON;150
ARONA;3
ARONE;17
ARONN;30
AROUN;14
AROUNA;11
ARRIS;6
ARRON;6
ARSALAN;5
ARSEN;26
ARSENE;6
ARSÈNE;394
ARSLAN;11
ARTEM;3
ARTHUR;3800
ARTHUS;48
ARTIOM;7
ARTUR;41
ARTURO;5
ARTUS;21
ARTYOM;3
ARUN;10
ARVIN;5
ARWEN;4
ARY;21
ARYAN;12
ARYS;5
ARZHEL;4
ASAD;6
ASAËL;31
ASAF;15
ASEN;8
ASER;6
ASHER;11
ASHLEY;4
ASHOT;4
ASHRAF;9
ASHTON;17
ASHVIN;5
ASHWIN;14
ASIL;11
ASIM;11
ASLAM;7
ASLAN;35
ASLANE;3
ASMAR;3
ASSAD;28
ASSALAS;7
ASSANE;22
ASSEM;8
ASSER;12
ASSIL;50
ASSIM;34
ASSIREM;3
ASSYL;7
ASTON;8
ASWIN;3
ATA;4
ATEF;4
ATEM;5
ATHANAËL;3
ATHANASE;8
ATILIO;7
ATILLA;9
ATLAS;8
ATTILA;3
ATTILIO;16
AUBIN;250
AUDIN;3
AUDRAN;3
AUDREN;5
AUDRIC;5
AUGUST;5
AUGUSTE;695
AUGUSTIN;1379
AUREL;50
AURÈLE;170
AURÉLIEN;110
AURÉLIO;8
AURIAN;6
AURIEL;3
AUSTIN;16
AUWEN;6
AUXENCE;48
AVEL;5
AVELINO;3
AVERY;4
AVI;20
AVICENNE;3
AVIEL;10
AVINASH;4
AVISHAÏ;4
AVIV;3
AVRAHAM;7
AVRAM;14
AWAB;5
AWAD;6
AWAN;3
AWEN;37
AWES;6
AWS;21
AXEL;1683
AXIL;6
AYAAN;40
AYAD;13
AYAM;3
AYAN;137
AYANE;34
AYANN;29
AYAZ;144
AYBARS;7
AYDAN;112
AYDANE;6
AYDANN;9
AYDEM;4
AYDEN;1786
AYDENN;31
AYDIN;39
AYDINE;9
AYED;3
AYEL;5
AYEN;6
AYHAM;7
AYHAN;7
AYHEM;4
AYKAN;4
AYLAM;3
AYLAN;621
AYLANE;40
AYLANN;26
AYLEN;4
AYMAN;112
AYMANE;63
AYMAR;8
AYMARD;3
AYMÉ;5
AYMEN;462
AYMENE;4
AYMERIC;98
AYMERICK;17
AYO;6
AYOUB;694
AYOUBA;4
AYOUR;5
AYRON;61
AYRONN;11
AYRTON;24
AYSSAM;3
AYSSAR;3
AYSSEM;10
AYTEM;3
AYTHAN;6
AYVEN;6
AYVIN;7
AYWEN;14
AYYOUB;18
AYYUB;4
AYYÛB;7
AZAAN;6
AZAD;59
AZAËL;13
AZAM;3
AZAN;5
AZAR;4
AZARIA;4
AZAT;5
AZDINE;3
AZEDINE;3
AZEEM;4
AZEL;7
AZER;19
AZHAR;4
AZIEL;5
AZIM;6
AZIZ;56
AZLAN;10
AZUR;21
AZZAM;5
AZZEDINE;5
AZZIZ;3
BABA;11
BABACAR;24
BACHIR;24
BADARA;5
BADER;15
BADIS;60
BADISS;4
BADR;53
BADRA;3
BADREDINE;3
BADYS;5
BAFODE;11
BAFODÉ;25
BAHOZ;3
BAÏDY;3
BAJRAM;5
BAKARI;10
BAKARY;83
BAKASSO;3
BAKI;4
BAKOUTOUBO;5
BALAMINE;6
BALIAN;8
BALLA;14
BALTHAZAR;104
BAMBA;3
BAMBO;10
BANDIOUGOU;5
BANFA;6
BANGALY;11
BAO;6
BAPTISTE;1202
BAPTISTIN;4
BARA;5
BARAA;7
BARACK;7
BARAE;6
BARAN;16
BARIS;5
BARNABÉ;27
BARRY;3
BARTHÉLEMY;20
BARTHÉLÉMY;21
BARTHOLOMÉ;7
BARTIMÉE;5
BASEKOU;3
BASIL;25
BASILE;787
BASSAM;5
BASSEKOU;8
BASSEM;6
BASSIROU;4
BASTIAN;45
BASTIEN;427
BATISTE;25
BATOURA;5
BATTISTU;11
BATUHAN;5
BATYSTE;4
BAUDOUIN;19
BAYAN;6
BAYAZID;6
BAYE;4
BAYRAM;18
BAYREM;26
BAYRON;14
BAZIL;10
BAZILE;9
BECHIR;7
BEKIR;5
BELAID;3
BELKACEM;12
BEN;102
BENDJI;4
BENEDICT;5
BÉNÉDICT;4
BENI;5
BENIAMIN;4
BENICIO;15
BENJAMIN;563
BENJI;9
BENJY;5
BENNY;5
BENOIT;10
BENOÎT;59
BENTLEY;4
BENY;3
BENYAMIN;11
BERAN;4
BERAT;38
BÉRENGER;3
BERKAY;5
BERNARD;3
BERNARDO;10
BERTIN;3
BÉRYL;9
BERZAN;5
BETSALEL;3
BI;12
BILAL;322
BILEL;158
BILI;5
BILLAL;12
BILLEL;6
BILLY;43
BINYAMIN;4
BIRAMA;4
BIRAME;3
BIXENTE;17
BJORN;15
BJÖRN;43
BLAISE;34
BLESSED;4
BLESSING;3
BOAZ;9
BOBBY;3
BOCAR;10
BOGDAN;33
BONHEUR;3
BORA;4
BORAN;6
BORIS;24
BOSCO;29
BOSTON;6
BOUABDALLAH;3
BOUBACAR;61
BOUBAKAR;5
BOUBOU;13
BOULAYE;4
BOUNA;7
BOWEN;3
BRAD;6
BRADLEY;65
BRADY;9
BRAHIM;53
BRAHIMA;4
BRAN;3
BRANDON;27
BRANN;3
BRAXTON;3
BRAYAN;74
BRAYDEN;21
BRAYTON;15
BRENDON;6
BRENNAN;5
BREWAL;3
BREWEN;8
BRIAC;31
BRIAN;21
BRICE;19
BRIEUC;35
BRIVAËL;3
BROOKLYN;5
BRUCE;13
BRUNO;26
BRYAN;233
BRYANT;9
BUGRA;5
BUNYAMIN;4
BURAK;16
BYLAL;4
BYRON;17
CAESAR;3
CAETANO;3
CAIO;3
CAÏS;3
CALEB;110
CALEN;3
CALI;19
CALIN;3
CALIX;4
CALIXTE;63
CALLEN;6
CALLUM;6
CALVIN;61
CALVYN;8
CAMERON;223
CAMERONN;4
CAMIL;73
CAMILE;3
CAMILL;3
CAMILLE;1045
CAMILO;14
CAMRON;20
CAMRONE;3
CAMYL;6
CAN;6
CANDIDE;17
CAREL;4
CARL;65
CARLES;4
CARLO;7
CARLOS;25
CARLU;10
CARLU-ANDRIA;4
CARLU-MARIA;4
CARMELO;7
CARTER;6
CASEY;17
CASIAN;6
CASIMIR;5
CASSANDRE;3
CASSIAN;29
CASSIEN;11
CASSIM;3
CASSIO;3
CASSIUS;5
CASTIEL;12
CAYDEN;156
CAYETANO;3
CEBRAIL;3
CÉDRIC;52
CÉLESTE;20
CELESTIN;4
CÉLESTIN;256
CELIAN;4
CÉLIAN;131
CÉLIEN;6
CELIO;5
CÉLIO;9
CELSO;3
CELYAN;23
CÉLYAN;35
CÉLYO;5
CEM;5
CEMIL;4
CENZO;4
CÉSAIRE;4
CESAR;8
CÉSAR;391
CESARE;6
CEYLIAN;7
CEZAR;12
CHAD;9
CHADI;16
CHADY;3
CHAHED;3
CHAHID;30
CHAHIN;7
CHAHÏN;3
CHAHINE;130
CHAHÏNE;7
CHAHYNE;9
CHAÏM;11
CHAKIB;3
CHAKIR;3
CHALOM;7
CHAM;6
CHAMS;12
CHAMS-EDDINE;5
CHAMSEDDINE;4
CHANCE;6
CHARBEL;10
CHARIF;3
CHARLE;4
CHARLÉLIE;5
CHARLÉLY;3
CHARLES;685
CHARLES-ANTOINE;3
CHARLES-EDOUARD;3
CHARLEY;3
CHARLI;67
CHARLIE;793
CHARLY;790
CHAYANE;3
CHAYANN;3
CHAYTON;3
CHEDY;5
CHEICK;68
CHEICKNA;6
CHEICKNE;8
CHEICKNÉ;11
CHEIK;4
CHEIKH;70
CHEIKH-IBRAHIMA;4
CHEIKH-TIDIANE;3
CHEIKHOUNA;6
CHEMS;25
CHEMS-DINE;3
CHEMS-EDDINE;24
CHEMSDINE;3
CHEMSEDDINE;6
CHERIF;16
CHÉRIF;16
CHMOUEL;4
CHOUAIB;5
CHOUAYB;5
CHRIS;86
CHRISLEY;8
CHRIST;32
CHRISTIAN;71
CHRISTIANO;11
CHRISTINO;4
CHRISTOPHE;40
CHRISTOPHER;46
CIARAN;3
CIHAN;14
CIHANGIR;5
CILIAN;5
CILLIAN;19
ÇINAR;4
CIPRIAN;3
CIRÉ;4
CIRO;12
CIVAN;3
CLARENCE;61
CLARENS;3
CLARK;17
CLAUDE;13
CLAUDIO;7
CLAY;3
CLAYTON;25
CLÉANDRE;4
CLEMENT;6
CLÉMENT;1217
CLÉO;18
CLÉON;7
CLOTAIRE;4
CLOVIS;118
CLYDE;8
CODY;30
COLAS;13
COLE;6
COLIN;101
COLOMBAN;6
COLYN;6
COME;4
CÔME;1137
CONAN;6
CONNOR;51
CONOR;41
CONRAD;13
CONSTANT;82
CONSTANTIN;84
COOPER;7
CORANTIN;3
CORENTIN;301
COREY;4
CORNEILLE;3
CORTO;15
CORY;7
COSME;7
COSMO;4
COSTA;3
CRAIG;3
CRIS;3
CRISTIAN;17
CRISTIANO;20
CRISTOBAL;4
CURTIS;62
CURTYS;4
CYAN;4
CYLIAN;7
CYLIANN;4
CYPRIEN;38
CYRIAC;6
CYRIAN;5
CYRIAQUE;7
CYRIEL;4
CYRIL;27
CYRILLE;6
CYRUS;14
DABY;3
DAEGAN;6
DAËL;4
DAEVEN;4
DALI;9
DALIL;27
DALY;5
DALYAN;3
DAMA;8
DAMAS;5
DAME;3
DAMIAN;82
DAMIANN;7
DAMIEN;97
DAMIR;17
DAMON;19
DAMYAN;4
DAN;53
DANAËL;11
DANE;3
DANH;3
DANI;41
DANIAL;4
DANIEL;397
DANIIL;5
DANIL;8
DANILO;11
DANN;4
DANNY;38
DANTE;23
DANTÉ;3
DANY;69
DANYAL;4
DANYL;13
DANYLO;3
DANYS;3
DAOUD;54
DAOUDA;58
DARA;7
DARCY;3
DAREL;10
DARELL;26
DAREN;18
DARENN;7
DARIAN;7
DARIO;204
DARIS;19
DARIUS;91
DARNEL;5
DARNELL;5
DARREL;11
DARREN;46
DARRYL;7
DARSHAN;10
DARWIN;9
DARYL;70
DARYLL;4
DARYO;8
DASTAN;16
DASTANN;3
DAVE;11
DAVI;22
DAVID;621
DAVIDE;4
DAVIDSON;3
DAVIS;7
DAVIT;8
DAVON;6
DAVUD;5
DAVY;23
DAWENS;7
DAWID;8
DAWOUD;28
DAWSON;16
DAWUD;7
DAYAN;71
DAYANE;9
DAYANN;21
DAYEN;12
DAYLAN;4
DAYLON;6
DAYMON;11
DAYNIS;3
DAYRICK;3
DAYRON;24
DAYRONE;3
DAYRONN;3
DAYVAN;4
DAYVEN;11
DAYVON;20
DAYVONN;7
DEAN;46
DECLAN;10
DEJAN;7
DELIO;5
DÉLIO;3
DEMBA;56
DEMBO;4
DEMHAT;3
DEMIAN;3
DEMIR;9
DENI;3
DENILSON;4
DENIS;56
DÉNIS;3
DENIZ;24
DÉNIZ;3
DENNIS;6
DENVER;19
DENYS;9
DENZEL;11
DEON;5
DERECK;10
DEREK;14
DERICK;4
DERRICK;8
DÉSIRÉ;6
DESMOND;8
DESTAN;7
DESTINY;27
DEV;6
DEVA;5
DEVEN;13
DÉVEN;4
DEVON;29
DÉVON;3
DEVONN;4
DEVRAN;14
DEVRIM;6
DÉVY;3
DEYAN;9
DEYVEN;8
DEYVON;9
DGINO;4
DHIA;5
DHYLAN;4
DIABY;3
DIADIE;7
DIADIÉ;4
DIAGO;28
DIAGUILY;5
DIAMANT;4
DIAMOND;7
DIAR;8
DIDIER;8
DIEGO;818
DIÉGO;78
DIEUDONNÉ;3
DILAN;9
DIMA;3
DIMITAR;6
DIMITRI;111
DIMITRIJE;3
DIMITRY;18
DINIS;32
DINO;6
DIOGO;37
DION;9
DIONE;6
DIOR;7
DIREN;4
DIVIN;6
DIVINE;11
DIWAN;3
DJAD;8
DJADEN;9
DJAËL;14
DJAFAR;4
DJAHYAN;10
DJAHYANN;6
DJAÏDEN;5
DJAÏLEY;4
DJAÏS;5
DJALIL;21
DJALLIL;4
DJAMAL;19
DJAMEL;17
DJAMIL;16
DJANAËL;6
DJANGO;10
DJANI;14
DJANNY;6
DJANY;14
DJANYS;11
DJASSEM;5
DJAWAD;23
DJAWED;18
DJAWEL;3
DJAWEN;4
DJAYAN;21
DJAYANE;3
DJAYANN;17
DJAYDEN;36
DJAYLAN;7
DJAYRON;6
DJAYSON;10
DJEBRIL;7
DJED;3
DJEDEN;4
DJELANI;4
DJÉMAËL;6
DJEMIL;5
DJÉMY;5
DJESSIM;16
DJESSY;10
DJEYDEN;7
DJHAYANN;3
DJIANY;3
DJIBRIL;356
DJIBRYL;13
DJIBY;6
DJILALI;15
DJILAN;3
DJILLALI;3
DJILYAN;3
DJIME;3
DJIMÉ;6
DJIMMY;3
DJIMY;3
DJINO;29
DJIVAN;9
DJOÉ;5
DJOEY;5
DJOUD;3
DJOULIAN;12
DJOULIANN;5
DJOULYAN;4
DJOVANY;4
DJOY;4
DJULIAN;80
DJULIANN;26
DJULIANO;7
DJULIO;7
DJULYAN;58
DJÜLYAN;15
DJULYANN;14
DJYLAN;3
DJYNO;4
DOGAN;3
DOM;8
DOMINIC;47
DOMINIK;10
DOMINION;8
DOMINIQUE;24
DON;8
DONALD;4
DONATIEN;7
DONAVAN;4
DONNY;4
DONOVAN;56
DONOVANN;4
DORIAN;153
DORIANN;3
DORON;18
DORONE;3
DORYAN;11
DOUDOU;3
DOUGA;3
DOV;9
DOVBER;3
DRAMANE;11
DRISS;51
DRISSA;9
DRYSS;7
DUARTE;15
DUC;3
DUKE;3
DUMITRU;3
DUNCAN;12
DUNKAN;5
DWAYN;4
DWAYNE;46
DYCLAN;7
DYEGO;11
DYLAN;302
DYLANE;6
DYLANN;10
EARVIN;4
EBEN;13
EBEN-EZER;4
EBENEZER;4
EBUBEKIR;7
EDAN;43
ÉDAN;4
EDDEN;6
EDDIE;3
EDDINE;11
EDDY;34
EDEM;49
ÉDEM;4
EDEN;2221
ÉDEN;261
EDENN;17
EDENS;5
EDERN;7
EDERSON;4
EDGAR;173
EDGARD;8
EDHEN;24
EDIN;11
EDINE;5
EDINSON;8
EDIS;6
EDISON;9
EDIZ;43
EDMOND;27
EDOARDO;5
EDOUARD;249
ÉDOUARD;99
EDOUARDO;4
EDRIS;5
EDRISS;5
EDSON;9
EDUARD;23
EDUARDO;8
EDVIN;5
EDWARD;62
EDWIN;25
EDWYN;6
EDYNE;3
EDZIO;27
EFE;25
EFFLAM;8
EFKAN;3
EFRAIM;3
EFREM;7
EGE;3
EGEMEN;5
EGON;6
EHAN;3
EHSAN;3
EIDEN;3
EÏDEN;19
EIMEO;7
EIMÉO;8
EINAR;3
EITAN;3
EITHAN;6
EKAIN;5
EKAITZ;7
EKHI;3
EL;61
EL-HADJ;5
ELAD;6
ELADIO;3
ELADJI;3
ELAÏJAH;6
ELDAR;3
ELDIN;4
ELHAD;3
ELHADJ;20
ELHADJI;10
ELI;146
ÉLI;46
ELIA;24
ELIAD;14
ELIAH;11
ELIAHOU;7
ELIAKIM;57
ELIAM;56
ÉLIAM;6
ELIAN;58
ÉLIAN;10
ELIANE;3
ELIANN;5
ELIANO;8
ÉLIANO;5
ELIAQUIM;4
ELIAS;521
ÉLIAS;90
ELIAV;4
ELIAZ;19
ÉLIAZ;3
ELICHA;4
ELIDJA;3
ELIDJAH;13
ELIE;305
ÉLIE;171
ELIEL;30
ÉLIEL;4
ELIES;5
ELIÈS;8
ELIEZER;5
ELIJA;4
ELIJAH;212
ÉLIJAH;8
ELIKIA;7
ELIKYA;6
ELIMANE;10
ELINO;3
ELIO;842
ÉLIO;267
ELION;11
ELIOR;26
ELIOS;23
ÉLIOS;7
ELIOT;363
ÉLIOT;43
ELIOTE;9
ELIOTH;14
ELIOTT;1527
ÉLIOTT;56
ELIS;4
ELISÉE;8
ÉLISÉE;6
ELISEI;21
ELISHA;14
ELISIO;21
ÉLISIO;5
ELISON;3
ELIYAH;9
ELIYAHOU;7
ELIZIO;35
ÉLIZIO;4
ELLAN;3
ELLANDE;6
ELLIAS;7
ELLIO;11
ELLIOT;305
ELLIOTH;3
ELLIOTT;114
ELLIS;4
ELLY;4
ELLYOT;3
ELMIN;5
ELOAN;115
ÉLOAN;25
ELOANN;28
ÉLOANN;5
ELOEN;3
ELOHAN;25
ÉLOHAN;5
ELOHIM;33
ELOI;107
ÉLOI;118
ELOÏM;5
ELOÏS;9
ELOM;3
ELON;57
ÉLON;7
ELONE;13
ELONN;8
ELOUAN;97
ÉLOUAN;28
ELOUANN;22
ÉLOUANN;4
ELOUEN;13
ÉLOUEN;3
ELOWAN;8
ELOY;6
ELRIC;9
ELRICK;7
ELTON;8
ELUAN;3
ELVEN;5
ELVIN;11
ELVIO;7
ELVIS;14
ELVYN;4
ELWAN;16
ELWANN;3
ELWEN;12
ELY;51
ELYA;3
ELYAD;7
ELYAH;3
ELYAKIM;8
ELYAM;42
ÉLYAM;4
ELYAN;41
ELYANN;7
ELYANO;8
ELYAS;193
ÉLYAS;26
ELYASS;9
ELYASSE;3
ELYAZ;7
ELYDJAH;11
ELYES;90
ELYÈS;9
ELYESA;7
ELYESS;3
ELYJAH;17
ELYO;325
ÉLYO;58
ELYON;10
ELYOS;7
ELYOT;15
ELYOTT;25
ELYSIO;18
ELYZIO;27
ELZÉAR;3
ELZO;3
EMAËL;3
EMANUEL;37
EMANUELE;4
EMERIC;8
ÉMERIC;8
EMERICK;10
EMERSON;8
EMERY;10
EMIL;28
EMILE;335
ÉMILE;298
EMILIAN;10
EMILIANO;43
EMILIEN;76
ÉMILIEN;33
EMILIO;273
ÉMILIO;45
EMILYO;6
EMIN;43
EMINE;3
EMIR;223
ÉMIR;21
EMIRHAN;17
EMJI;4
EMMANUEL;287
EMMETT;11
EMRAN;7
EMRE;25
EMRICK;4
EMRYS;48
EMYLIO;10
EMYR;7
ENAEL;19
ÉNAEL;6
ENAËL;205
ÉNAËL;53
ENAITZ;3
ENAK;4
ENAM;3
ENDI;4
ENDRICK;5
ENDY;8
ENEA;11
ENEKO;47
ENES;141
ÉNES;3
ENESS;4
ENGUERRAN;3
ENGUERRAND;34
ENIO;9
ENIS;23
ENKI;8
ENNIO;35
ENOA;12
ENOAH;21
ÉNOAH;6
ENOCH;6
ENOCK;3
ENOHA;52
ÉNOHA;5
ENRICO;3
ENRIQUE;12
ENSAR;39
ENVEL;4
ENYO;4
ENYS;6
ENZIO;11
ENZO;1588
EOGHAN;3
EOLE;5
ÉOLE;5
EPHRAIM;9
EPHRAÏM;21
ÉPHRAÏM;3
EPHREM;3
ERAN;3
ERAY;10
ERDEM;14
ERDI;7
ERDOGAN;4
EREL;4
EREN;114
EREVAN;3
EREZ;3
ERHAN;4
ERIC;67
ÉRIC;15
ERICK;14
ERIDAN;3
ERIK;14
ERIM;4
ERIS;5
ERKAN;3
ERMIN;3
ERNEST;236
ERNESTO;12
ERNST;3
EROL;3
ERON;9
EROS;13
ÉROS;3
ERROL;4
ERTUGRUL;4
ERVIN;5
ERWAN;293
ERWANE;3
ERWANN;55
ERWEN;3
ERWIN;11
ERYK;3
ESAIE;3
ESAÏE;36
ÉSAÏE;11
ESDRAS;16
ESKANDER;3
ESSAM;7
ESTEBAN;604
ESTÉBAN;105
ESTEBÀN;13
ESTEBANN;7
ESTEVAN;7
ESTÈVE;3
ESTHÉBAN;4
ETAN;20
ÉTAN;6
ETANN;8
ETEM;4
ETHAN;2280
ÉTHAN;170
ETHANAEL;3
ETHANAËL;7
ETHANE;8
ETHANN;38
ÉTHANN;6
ETHEM;6
ETIENNE;80
ÉTIENNE;40
ETTORE;12
ETZIO;4
EUGEN;3
EUGÈNE;97
EVAN;1091
ÉVAN;113
EVANN;95
EVANS;14
EVEN;49
ÉVEN;4
EVENN;8
EVENS;3
EVENSON;3
EVHAN;11
EVRARD;4
EVREN;6
EWAN;68
EWANN;12
EWEN;448
ÉWEN;8
EWENN;113
ÉWENN;8
EXAUCÉ;5
EYAD;38
EYAL;21
EYDAN;13
EYDEN;327
EYDENN;9
EYLAN;18
EYLANN;3
EYLON;7
EYMEN;130
EYMERIC;4
EYOUB;5
EYTAN;16
EYTHAN;29
EYTHANN;3
EYUP;15
EYVAN;4
EYWEN;4
EYYUB;4
EZECHIEL;45
EZÉCHIEL;47
ÉZÉCHIEL;44
EZECKIEL;9
EZÉCKIEL;5
EZEKIEL;85
ÉZEKIEL;3
EZÉKIEL;42
ÉZÉKIEL;26
EZEKYEL;4
EZEL;38
EZEQUIEL;32
EZÉQUIEL;13
ÉZÉQUIEL;5
EZIO;664
ÉZIO;70
EZRA;295
EZRAH;7
EZYO;28
EZZIO;33
FABIAN;22
FABIANO;3
FABIEN;26
FABIO;198
FABRICE;6
FABRICIO;3
FADEL;15
FADHEL;4
FADI;25
FADIL;6
FADY;13
FAEL;3
FAËL;36
FAHAD;6
FAHD;17
FAHED;9
FAHEL;4
FAHIM;68
FAISAL;8
FAÏZ;4
FAIZAN;6
FALLOU;16
FALY;5
FANCH;3
FANILO;3
FANTIN;6
FANUEL;3
FAOUZI;4
FAREL;33
FARELL;33
FARES;150
FARÉS;10
FARÈS;132
FARESS;9
FAREZ;4
FARHAN;9
FARHANE;6
FARID;14
FARIS;14
FARISS;4
FAROUK;14
FAROUQ;3
FARREL;4
FARRELL;8
FARUK;6
FATHI;4
FATIH;16
FAUST;3
FAUSTIN;32
FAVOUR;4
FAWZAN;7
FAYAD;4
FAYÇAL;20
FAYEL;7
FAYEZ;7
FAYIZ;3
FAYSAL;6
FAYSSAL;4
FAZIL;3
FEDERICO;3
FEDI;8
FEDY;5
FEHMI;3
FELICE;3
FÉLICIEN;18
FELIPE;4
FELIX;32
FÉLIX;449
FERAS;5
FERDINAND;63
FERGUS;4
FERHAT;7
FERNAND;22
FERNANDO;8
FERRÉOL;22
FETHI;7
FETIH;7
FIDEL;3
FILIP;33
FILIPE;6
FILIPPO;11
FILY;3
FINLAY;3
FINN;19
FIRAS;48
FIRASS;3
FIRASSE;3
FIRAT;4
FIRMIN;35
FLAVIAN;3
FLAVIEN;24
FLAVIO;90
FLORENT;52
FLORENTIN;16
FLORIAN;89
FLORIN;5
FLORIS;6
FLORYAN;3
FLOYD;4
FLYNN;7
FODE;9
FODÉ;26
FODIE;4
FODIÉ;8
FODIL;4
FOUAD;10
FOUCAULD;34
FOUED;7
FOULQUES;4
FOUSSENI;4
FOUSSENY;16
FOUSSEYNI;3
FOUSSEYNOU;7
FRANCESCO;26
FRANCESCU;8
FRANCESCU-MARIA;3
FRANCIS;15
FRANCISCO;34
FRANCISZEK;6
FRANCK;12
FRANCKY;4
FRANCO;6
FRANÇOIS;90
FRANÇOIS-JOSEPH;6
FRANÇOIS-MARIE;4
FRANK;4
FRANTZ;7
FRED;3
FRÉDÉRIC;18
FURKAN;13
FYNN;5
GABANO;7
GABI;21
GABIN;2727
GABRIEL;4415
GABRIËL;37
GABRIELE;18
GABRIELI;5
GABRYEL;58
GABRYËL;4
GABY;89
GABYN;27
GAD;9
GADIEL;3
GAEL;33
GAËL;306
GAÉTAN;21
GAËTAN;128
GAËTANO;3
GAGNY;3
GAIZKA;5
GALAAD;17
GALAHAD;6
GALEN;4
GAMAL;3
GAMALIEL;4
GAOUSSOU;6
GARANCE;4
GARETH;6
GARRY;4
GARY;27
GASPAR;28
GASPARD;1298
GASTON;267
GATIEN;53
GAULTIER;4
GAUTHIER;240
GAUTIER;48
GAUVAIN;26
GAVIN;9
GAYA;23
GAYE;11
GEDEON;3
GÉDÉON;11
GELSON;3
GENARO;4
GENNARO;47
GEOFFREY;7
GEOFFROY;5
GEORGE;43
GEORGES;228
GEORGI;3
GEORGIO;4
GERARD;4
GÉRARD;4
GÉRAUD;7
GERMAIN;40
GEXAN;6
GHAITH;16
GHALI;57
GHALY;4
GHAYTH;7
GHEORGHE;3
GHILAS;11
GHILES;14
GHISLAIN;4
GHJULIAN;3
GHJULIANU;4
GHJUVAN;13
GHJUVANNI;5
GIACOMO;13
GIANI;42
GIANNI;471
GIANNIS;17
GIANNY;45
GIANY;22
GIBRIL;7
GIDEON;6
GILDAS;3
GILLES;9
GINNO;3
GINO;52
GIORGI;10
GIORGIO;15
GIOVAN;10
GIOVANI;16
GIOVANN;15
GIOVANNI;159
GIOVANNY;9
GIOVANY;7
GIULIAN;311
GIULIANN;35
GIULIANO;35
GIULIO;59
GIULLIAN;9
GIULYAN;16
GIULYANN;5
GIUSEPPE;18
GIVEN;3
GLEN;3
GLENN;26
GLOIRE;5
GODSENT;6
GODSON;4
GODSTIME;5
GODSWILL;4
GODWIN;3
GOHAN;25
GÖKHAN;4
GONÇALO;10
GONZAGUE;5
GONZALO;5
GORAN;4
GOSHEN;5
GOULVEN;6
GOUSTAN;3
GRAHAM;5
GRAYSON;11
GREAT;4
GREG;5
GRÉGOIRE;104
GREGOR;3
GREGORY;8
GRÉGORY;31
GUENAËL;3
GUÉNAËL;9
GUÉNOLÉ;4
GUERLAIN;3
GUIDO;3
GUILAIN;3
GUILHEM;52
GUILHERME;16
GUILIAN;3
GUILLAUME;87
GUILLEM;10
GUILLERMO;5
GUIREC;5
GUNEY;4
GURVAN;6
GUS;4
GUSTAV;9
GUSTAVE;412
GUSTAVO;35
GUSTIN;8
GUY;7
GWEN;10
GWENAEL;3
GWENAËL;21
GWENDAL;24
GWENN;4
HAARON;13
HABIB;59
HABIL;6
HACHEM;4
HACHIM;3
HADÈS;12
HADI;22
HADJ;7
HADJI;5
HADRIAN;3
HADRIEL;21
HADRIEN;103
HADY;11
HAFID;3
HAÏDEN;24
HAIDER;9
HAÏLÉ;23
HAILEY;4
HAÏLEY;10
HAÏM;6
HAITAM;7
HAITEM;6
HAÏTEM;3
HAITHAM;11
HAÏTHAM;3
HAITHEM;5
HAIZE;3
HAKAN;19
HAKEEM;5
HAKIM;67
HALID;8
HALIL;12
HALIL-IBRAHIM;3
HALIM;24
HAMAD;6
HAMADA;4
HAMADI;3
HAMADOU;4
HAMADY;20
HAMARA;5
HAMDI;5
HAMED;16
HAMET;6
HAMID;22
HAMIDOU;35
HAMILTON;4
HAMIT;3
HAMMAD;4
HAMZA;586
HANI;12
HANS;15
HANY;3
HANZO;4
HARALD;8
HAREL;5
HARI;6
HARIS;41
HARISH;4
HARLEM;4
HARLEY;6
HAROLD;25
HARON;114
HARONE;43
HARONN;5
HAROON;20
HAROUN;471
HÂROUN;4
HAROUNA;33
HAROUNE;28
HARPER;7
HARRIS;12
HARRISON;18
HARRY;162
HARU;5
HARUN;22
HARÛN;6
HARVEY;10
HARY;4
HARYS;4
HASAN;36
HASHIM;3
HASSAN;102
HASSANE;16
HASSEN;9
HATEM;16
HATIM;14
HAYDAN;13
HAYDAR;12
HAYDEN;505
HAYDENN;10
HAYDER;13
HAYK;9
HAYKEL;4
HAYTAM;9
HAYTEM;21
HAYTHAM;26
HAYTHEM;17
HAYYAN;3
HAZAËL;6
HAZIEL;4
HEAVEN;39
HECTOR;333
HEDDY;3
HEDEN;6
HEDI;77
HÉDI;24
HÈDI;3
HEDY;7
HEIARII;4
HÉLIAN;8
HÉLIAS;11
HÉLIE;15
HELIO;8
HÉLIO;79
HELIOS;9
HÉLIOS;106
HELIOTT;3
HÉLORI;5
HELORY;4
HÉLORY;6
HELWAN;7
HELYO;3
HÉLYO;6
HÉLYOS;5
HENDRICK;3
HENDRIX;3
HENDRY;3
HENI;4
HÉNOC;6
HENRI;318
HENRIK;3
HENRIQUE;8
HENRY;80
HENZO;6
HEOL;6
HERMANN;7
HERMES;3
HERMÈS;8
HERNAN;3
HERVÉ;3
HERWAN;4
HEYDEN;53
HICHAM;30
HICHEM;10
HIDAN;5
HILAIRE;10
HILAL;24
HILAN;3
HILARIO;3
HILEL;19
HILLEL;22
HIPPOLYTE;133
HIRAM;4
HIRO;6
HISHAM;8
HOANI;14
HOCINE;20
HODEI;4
HOEL;3
HOËL;9
HONORÉ;41
HORACE;9
HORACIO;3
HOSNI;6
HOSSAM;6
HOUCINE;8
HOUD;17
HOUDAIFA;4
HOUDAYFA;7
HOUDEYFA;10
HOUSNI;11
HOUSSAM;11
HOUSSEIN;6
HOUSSEM;13
HOUSSEYN;3
HOUSSINE;5
HOUSSNI;3
HOVHANNES;4
HOWEL;3
HOWEN;5
HUBERT;14
HUDAYFA;3
HUDHAYFA;3
HUGGO;3
HUGO;3129
HUGOLIN;3
HUGUES;20
HUNTER;3
HUSEIN;3
HUSEYIN;17
HÜSEYIN;12
HUSSAIN;9
HUSSAYN;5
HUSSEIN;24
HUSSEYN;6
HUZAIFA;4
HYACINTHE;8
HYLAN;15
HYLANN;9
HYLIAN;8
HYLLAN;3
HYPOLITE;6
HYPPOLITE;3
IACOB;5
IACOV;6
IAGO;17
IAN;55
IANIS;28
IANNIS;3
IBAI;5
IBAN;28
IBRAHIM;1308
IBRAHÎM;7
IBRAHIM-KHALIL;7
IBRAHIMA;136
IBRAHIME;10
ICARE;6
ICHAÏ;3
ICHAM;5
IDAN;11
IDIR;21
IDRIS;140
IDRISS;417
IDRÎSS;5
IDRISSA;51
IDRYS;10
IDRYSS;30
IDY;3
IGNACE;6
IGNACIO;5
IGNACY;5
IGOR;12
IHAB;8
IHEB;10
IHSAN;65
IHSANE;10
IHSEN;4
IHSSAN;5
IKBAL;5
IKER;4
IKHLAS;10
IKRAM;16
ILAAN;3
ILAN;370
ILANE;14
ILANN;70
ILANO;4
ILARIO;17
ILAY;3
ILENZO;9
ILHAM;8
ILHAN;129
ILHANE;3
ILHYAN;3
ILIA;12
ILIAM;11
ILIAN;161
ILIANE;15
ILIANN;10
ILIANO;19
ILIAS;44
ILIES;15
ILIÈS;11
ILIESS;4
ILIO;9
ILIYA;4
ILKAN;4
ILKAY;4
ILLAN;167
ILLANE;3
ILLIAN;5
ILLYAN;14
ILLYES;6
ILOAN;22
ILOHAN;3
ILYA;8
ILYAD;5
ILYAM;47
ILYAN;902
ILYANE;76
ILYANN;35
ILYANO;11
ILYAS;398
ILYÂS;8
ILYASS;42
ILYASSE;9
ILYES;780
ILYÉS;14
ILYÈS;177
ILYESS;39
ILYESSE;3
IMAD;54
IMADEDDINE;3
IMAN;17
IMANE;3
IMANOL;17
IMED;16
IMÉO;3
IMRAAN;31
IMRAN;1186
ÎMRAN;6
IMRÂN;231
IMRANE;242
IMRÂNE;3
IMRANN;6
INACIO;6
INAËL;4
INAKI;4
INAYA;3
INDY;5
INEL;3
INZA;8
IOAN;13
IOANE;3
IOANNIS;5
ION;9
IONATAN;7
IONUT;12
IOSIF;12
IOSUA;6
IRCHAD;11
IRÉNÉE;6
IRFAN;7
IRFANE;4
IRHAM;5
IRON;3
IS'HAQ;5
ISA;9
ISAAC;1925
ISAACK;6
ISAAK;57
ISAAQ;39
ISAC;40
ISACK;9
ISAÉ;5
ISAËL;4
ISAÏ;6
ISAIA;7
ISAÏA;22
ISAIAH;207
ISAÏAH;257
ISAIAS;3
ISAÏE;33
ISAK;23
ISAM;7
ISAO;37
ISAQ;7
ISAYA;14
ISAYAH;57
ISHA;4
ISHAAC;7
ISHAAN;19
ISHAAQ;23
ISHAC;11
ISHAÏ;3
ISHAK;128
ISHAM;3
ISHAN;14
ISHAQ;179
ISHÂQ;14
ISHAY;8
ISIAH;5
ISIDORE;15
ISKANDAR;3
ISKANDER;9
ISLAM;31
ISLEM;115
ISLEYM;9
ISMA;5
ISMAEL;231
ISMAËL;984
ISMAIL;152
ISMAÏL;298
ISMAILA;5
ISMAÏLA;11
ISMET;5
ISNEL;6
ISRAEL;13
ISRAËL;16
ISSA;640
ÎSSA;4
ÏSSA;6
ISSAC;15
ISSAH;9
ISSAM;266
ISSAN;4
ISSANE;5
ISSEM;6
ISSEY;3
ISSHAQ;12
ISSIAKA;9
ISSOUF;10
IULIAN;6
IUSTIN;4
IVAN;82
IVANE;4
IVANHOÉ;3
IVANN;14
IVANO;4
IVAR;14
IWAN;19
IWANN;7
IWEN;19
IYAD;331
IYADE;7
IYAS;10
IYED;212
IYÈD;3
IYES;4
IZAAC;40
IZAAK;24
IZAAN;3
IZAC;38
IZACK;13
IZAÏAH;6
IZAK;31
IZAN;4
IZAO;14
IZAYA;5
IZAYAH;18
IZEM;8
IZHAAC;3
IZHAC;8
IZHAK;26
IZHAQ;27
JAAD;8
JAAFAR;4
JABER;4
JABIR;7
JABRAN;3
JACE;5
JACER;4
JACIM;3
JACK;75
JACKSON;35
JACOB;134
JACQUES;108
JAD;361
JÂD;4
JADE;11
JADEN;136
JADENN;4
JADOR;8
JAEDEN;6
JAEL;3
JAËL;21
JAHAN;3
JAHDEN;19
JAHED;6
JAHEIM;6
JAHEL;7
JAHËL;3
JAHID;22
JAHLIL;3
JAHMAËL;3
JAHMAL;4
JAHNAËL;9
JAHO;5
JAHRON;3
JAHWEN;6
JAHYAN;40
JAHYANN;19
JAHYDEN;10
JAHYLAN;5
JAHYRON;7
JAÏAN;5
JAÏD;3
JAÏDEN;7
JAÏLAN;3
JAIME;6
JAIMIE;3
JAIMY;14
JAÏS;9
JAKE;16
JAKOB;5
JAKUB;5
JALAL;8
JALEL;5
JALEN;7
JALIL;47
JALIS;5
JALYS;3
JAMAAL;3
JAMAL;40
JAMEL;6
JAMES;382
JAMIE;34
JAMIL;26
JAMY;5
JAN;16
JANAËL;4
JANIS;9
JANYS;3
JAO;10
JAPHET;4
JARED;23
JAROD;95
JARON;3
JARROD;5
JASIM;18
JASMIN;19
JASON;124
JASPER;12
JASSEM;31
JASSER;11
JASSIM;244
JASSIME;6
JASSYM;5
JAUME;4
JAVIER;5
JAWAD;78
JAWED;34
JAWEN;6
JAX;3
JAY;15
JAYAN;25
JAYANN;15
JAYCE;22
JAYDAN;9
JAYDEN;413
JAYDENN;5
JAYDON;7
JAYKE;3
JAYLAN;23
JAYLANN;12
JAYLEN;15
JAYLON;5
JAYMES;5
JAYMI;10
JAYMIE;6
JAYRON;11
JAYSON;91
JAYSSON;3
JAYWEN;3
JAZIL;4
JAZZ;6
JEAN;621
JEAN-ANTOINE;6
JEAN-BAPTISTE;40
JEAN-CHARLES;6
JEAN-CHRISTOPHE;3
JEAN-CLAUDE;4
JEAN-DAVID;5
JEAN-FRANÇOIS;4
JEAN-GABRIEL;8
JEAN-JOSEPH;11
JEAN-LOUIS;8
JEAN-LOUP;3
JEAN-LUC;4
JEAN-MARC;6
JEAN-MARIE;7
JEAN-MICHEL;4
JEAN-NOËL;3
JEAN-PASCAL;3
JEAN-PAUL;6
JEAN-PHILIPPE;6
JEAN-PIERRE;6
JEAN-RAPHAËL;4
JEBRIL;8
JED;51
JEDEN;5
JEEVAN;6
JEFF;5
JEFFERSON;14
JEFFREY;12
JEHAN;4
JELANI;37
JÉMAËL;3
JEMMY;9
JENSEN;9
JEREMI;3
JÉRÉMI;3
JEREMIAH;4
JÉRÉMIE;57
JEREMY;18
JÉRÉMY;61
JEROME;3
JÉRÔME;14
JERRY;7
JESSE;19
JESSEN;3
JESSIM;223
JESSY;90
JESSYM;35
JESUS;4
JÉSUS;3
JEYDEN;23
JIANI;3
JIANNY;3
JIBRIL;169
JIBRYL;3
JIHAD;5
JIHED;7
JILALI;4
JILAN;4
JILANI;4
JIM;31
JIMMY;92
JIN;5
JIRO;3
JIVAN;6
JIYAN;13
JOA;5
JOACHIM;208
JOACKIM;9
JOAD;3
JOAH;9
JOAKIM;33
JOAKYM;5
JOAN;88
JOANES;4
JOANN;6
JOANNY;4
JOANY;4
JOAO;67
JOÂO;4
JOAQUIM;82
JOAQUIN;22
JOAS;6
JOB;4
JOCELIN;5
JOCELYN;14
JOE;19
JOÉ;8
JOEL;17
JOËL;38
JOEY;61
JOFFREY;3
JOHA;3
JOHAKIM;5
JOHAN;259
JOHANN;67
JOHANNES;10
JOHANNY;3
JOHN;51
JOHNNY;8
JOHNSON;4
JOKIN;3
JOLAN;26
JOLANN;3
JOLHAN;4
JON;20
JONA;9
JONAËL;9
JONAH;101
JONAS;298
JONASS;4
JONATAN;3
JONATHAN;115
JONATHANN;3
JORAH;3
JORAN;7
JORDAN;173
JORDHAN;3
JORDI;3
JORDY;12
JOREL;6
JORGE;8
JORIS;61
JORYS;15
JOSCHUA;4
JOSE;9
JOSÉ;51
JOSEF;12
JOSEPH;845
JOSEPH-MARIE;4
JOSH;25
JOSHUA;365
JOSIAH;4
JOSIAS;11
JOSS;5
JOSSELIN;12
JOSUA;4
JOSUAH;3
JOSUE;4
JOSUÉ;54
JOUD;150
JOUDE;4
JOULIAN;5
JOUNAID;4
JOUNAÏD;3
JOUNAYD;24
JOUNEYD;16
JOVAN;11
JOVANY;6
JOY;17
JOYCE;8
JOZEF;6
JUAN;83
JUAN-PABLO;3
JUANITO;3
JUBA;25
JUDE;63
JUDICAËL;12
JUDIKAËL;3
JUGURTHA;8
JULAYBIB;14
JULE;29
JULEN;17
JULES;3551
JULIAN;507
JÙLIAN;7
JULIÀN;15
JULIANN;214
JULIANO;21
JULIEN;230
JULIO;70
JULIUS;12
JULLIAN;12
JULYAN;76
JULYANN;41
JUN;9
JUNAID;7
JUNAYD;60
JUNIOR;75
JUNO;7
JUSTE;3
JUSTIN;202
JUSUF;5
KAAN;51
KABA;6
KABIR;5
KACEM;16
KACI;5
KACIM;12
KADEM;3
KADER;11
KADIALY;3
KADIR;14
KAEDEN;6
KAËDEN;10
KAEL;14
KAËL;40
KAELAN;15
KAÉLAN;4
KAËLAN;22
KAELIG;3
KAËLIG;9
KAHAN;3
KAHIL;87
KAHÏL;9
KAHIM;3
KAHIS;3
KAHYL;33
KAHYS;19
KAI;4
KAÏ;6
KAIDEN;6
KAÏDEN;48
KAIIS;4
KAÏL;25
KAÏLAN;12
KAIM;3
KAÏM;16
KAÏN;3
KAÏRON;16
KAIS;37
KAÏS;1151
KAISS;4
KAÏSS;61
KAITO;3
KAÏTO;6
KAL-EL;3
KALAN;4
KALANI;3
KALEB;9
KALEL;18
KALEN;8
KALI;5
KALIDOU;6
KALIFA;3
KALIL;15
KALILOU;10
KALIM;9
KALVIN;44
KALVYN;22
KALVYNN;3
KALY;3
KALYAN;7
KALYL;4
KALYS;3
KAMAL;10
KAMEL;31
KAMERON;64
KAMERONN;3
KAMI;3
KAMIL;328
KÂMIL;13
KAMILLE;3
KAMRON;14
KAMYL;23
KANDIOURA;4
KANDJOURA;11
KAON;4
KARAM;33
KARAMBA;35
KARAMO;4
KARAMOKO;11
KARAN;7
KARAS;5
KAREL;22
KARIM;140
KARISH;6
KARL;98
KAROL;9
KARYL;3
KASEY;3
KASIM;5
KASSEM;6
KASSIM;478
KASSÏM;13
KASSYM;31
KAUAN;5
KAVIN;5
KAVISH;3
KAY;3
KAYAN;12
KAYDAN;3
KAYDEN;564
KAYDENN;15
KAYDON;21
KAYEL;4
KAYHAN;5
KAYIM;4
KAYIS;7
KAYL;4
KAYLAN;124
KAYLANE;6
KAYLANN;12
KAYLE;5
KAYLEN;5
KAYLIAN;8
KAYLON;20
KAYM;5
KAYNAN;3
KAYRAN;5
KAYRON;79
KAYRONN;11
KAYS;113
KAYSAN;12
KAYSON;15
KAYSS;13
KAYSSAN;4
KAYTON;8
KAYVAN;5
KAZIM;4
KÉAN;4
KEANN;3
KEANU;9
KEATON;3
KEENAN;13
KEHAN;3
KEI;3
KEÏDEN;12
KEÏLAN;13
KEIRAN;3
KEITH;4
KELAN;9
KÉLAN;7
KELANN;5
KELIAN;20
KÉLIAN;31
KÉLIANN;3
KELIM;4
KELIO;9
KÉLIO;60
KELLAN;14
KELLEN;4
KELLY;3
KELLYAN;4
KELSON;3
KELTON;3
KELVIN;37
KELVYN;15
KELYAN;77
KÉLYAN;63
KELYANE;3
KÉLYANE;4
KELYANN;10
KÉLYANN;7
KELYM;3
KELYO;22
KÉLYO;39
KEMAL;10
KEMI;6
KÉMI;12
KEMIL;13
KÉMIL;6
KEMUEL;4
KÉMUEL;3
KEMY;10
KEMYL;5
KEN;3
KENAEL;4
KENAËL;8
KÉNAËL;19
KENAN;94
KÉNAN;25
KENANN;3
KENCY;3
KENDAL;7
KENDALL;4
KENDI;4
KENDJI;23
KENDJY;8
KENDRICK;37
KENDRIX;3
KENDRY;3
KENDRYCK;3
KENDY;11
KENJI;12
KENJY;20
KENLEY;3
KENNAN;5
KENNEDY;5
KENNETH;4
KENNY;84
KENSLEY;16
KENTIN;3
KENY;17
KENYON;5
KENZ;4
KENZI;61
KENZIO;3
KENZO;579
KENZY;47
KEO;9
KÉO;44
KEON;6
KEONI;8
KEONY;8
KÉONY;4
KEPA;7
KEPHREN;5
KERAN;10
KÉRAN;9
KÉRANN;6
KEREM;44
KERIM;22
KÉRIM;3
KERRY;8
KERSLEY;3
KERTIS;4
KERVENS;8
KERWAN;8
KERWIN;3
KERYAN;20
KÉRYAN;4
KESSIM;55
KESSÏM;36
KESSY;4
KESSYM;10
KEVAN;9
KÉVAN;10
KEVANN;4
KEVEN;5
KEVIN;147
KÉVIN;64
KEVINE;3
KEWAN;8
KÉWAN;3
KEWEN;6
KEYAN;15
KEYANN;4
KEYDAN;9
KEYDEN;79
KEYHAN;5
KEYLAN;92
KEYLANE;4
KEYLANN;25
KEYLHAN;3
KEYLIAN;21
KEYLIANN;8
KEYLLAN;4
KEYLON;8
KEYLOR;7
KEYNAËL;3
KEYRAN;17
KEYRON;32
KEYRONN;5
KEYSON;11
KEYSSAN;3
KEYSSON;4
KEYTON;8
KEYVAN;11
KEYVANN;3
KEYWAN;9
KEZIAH;39
KÉZIAH;24
KÉZIAN;3
KEZIO;6
KÉZIO;5
KHADIM;15
KHAÏS;19
KHAÏSS;3
KHALED;27
KHALEEL;3
KHALEL;9
KHALID;54
KHALIDOU;3
KHALIFA;25
KHALIL;211
KHALILOU;7
KHALIS;43
KHALYL;5
KHALYS;13
KHAMIS;3
KHAMZAT;3
KHAYDEN;5
KHAYS;3
KHEIREDDINE;3
KHELYAN;4
KHENZO;3
KHÉO;7
KHEPHREN;7
KHÉPHREN;7
KHEYRON;5
KIAN;14
KIERAN;22
KIÉRAN;5
KIJANI;9
KILIAN;44
KILIANE;3
KILLIAM;4
KILLIAN;28
KILLYAN;6
KILYAN;26
KILYANN;6
KIM;9
KIMANI;4
KIMANY;13
KIMÉO;6
KIMI;13
KINAÏ;7
KINAN;43
KINANE;23
KINAY;4
KINEN;9
KING;10
KINGSLEY;83
KINGSTON;11
KINSLEY;26
KIRAN;8
KISHAN;4
KISLEY;3
KIYAM;7
KIYAN;46
KIYANE;4
KLAUS;6
KLAYTON;5
KLEIN;3
KLÉMENT;3
KLYDE;3
KOFFI;3
KOLYA;4
KÔME;7
KONAN;3
KONNOR;8
KONOR;3
KONRAD;6
KONSTANTIN;10
KORAY;5
KORENTIN;4
KOSMA;3
KOSSAY;6
KOSTA;6
KOUADIO;4
KOUAME;3
KOUSSAY;12
KRIS;8
KRISH;6
KRISHNA;9
KRISLEY;3
KRISTIAN;8
KURT;8
KURTIS;15
KURTYS;20
KUZEY;26
KY-MANI;6
KYAM;3
KYAN;38
KYANN;9
KYERAN;4
KYÉRAN;4
KYLAN;10
KYLANN;4
KYLE;106
KYLIAM;14
KYLIAN;661
KYLIANE;7
KYLIANN;24
KYLIANO;4
KYLLIAM;3
KYLLIAN;91
KYMANI;20
KYMANY;4
KYMÉO;3
KYNAÏ;3
KYNAN;8
KYO;4
KYRAN;9
KYRIAN;7
KYRIE;4
KYRON;13
KYSLON;4
LACINA;7
LADISLAS;10
LADJI;31
LAEL;8
LAËL;53
LAHCEN;8
LAÏS;5
LAITH;7
LAKHDAR;6
LAMBA;3
LAMBERT;4
LAMINE;83
LANCE;3
LANCELOT;24
LANDRY;24
LANSANA;9
LAOUEN;5
LAOUENAN;3
LAOUNI;4
LARBI;6
LARGO;3
LARIO;3
LARS;7
LASLO;4
LASSANA;60
LASSINA;10
LASZLO;11
LATIF;6
LAURENS;3
LAURENT;34
LAURENZO;3
LAURIC;3
LAURICK;3
LAURIS;7
LAURYS;8
LAWRENCE;4
LAWSON;8
LAYAN;46
LAYANE;6
LAYANN;42
LAYDEN;8
LAYDON;3
LAYE;4
LAYIN;4
LAYON;8
LAYRON;7
LAYTH;23
LAYTON;7
LAYVIN;35
LAZAR;15
LAZARE;86
LAZARO;7
LAZHAR;7
LAZLO;3
LÉAN;4
LEANDRE;19
LÉANDRE;945
LEANDRO;240
LÉANDRO;337
LEART;3
LEE;3
LEE-ROY;6
LEE-VAN;3
LEERON;5
LEEROY;114
LEEVAN;6
LEEVEN;3
LEEWAN;3
LEHNY;4
LEHO;3
LÉHO;14
LEHYAN;6
LEÏS;4
LEITH;7
LEITO;3
LEÏTO;4
LELIO;9
LÉLIO;81
LELYO;4
LÉLYO;10
LEMMY;20
LEMY;3
LÉMY;3
LÉNAËL;6
LÉNAÏC;13
LÉNAÏCK;10
LÉNAÏK;3
LENI;18
LÉNI;69
LENNI;10
LENNON;14
LENNY;983
LÉNNY;16
LENO;3
LÉNO;15
LENS;12
LENY;161
LÉNY;178
LENYS;4
LENZO;203
LEO;230
LÉO;4496
LÉO-PAUL;54
LEON;54
LÉON;2167
LEONARD;29
LÉONARD;541
LEONARDO;112
LÉONARDO;12
LÉONCE;43
LEONE;15
LÉONE;13
LEONEL;7
LÉONEL;11
LÉONI;12
LEONID;3
LÉONID;7
LEONIDAS;5
LÉONIDAS;6
LÉONIN;5
LEONIS;4
LÉONIS;13
LÉONY;3
LÉONYS;3
LÉOPAUL;33
LÉOPOL;8
LEOPOLD;11
LÉOPOLD;352
LEROY;6
LESSIO;10
LEV;6
LEVAN;3
LÉVAN;5
LEVEN;4
LEVI;44
LÉVI;68
LEVIN;3
LEVINE;4
LEVIS;4
LEVON;6
LÉVON;6
LEVY;9
LÉVY;36
LEVYN;3
LÉVYN;4
LEWEN;3
LEWIS;202
LÉWIS;9
LEWYS;12
LEX;3
LEYAN;20
LÉYAN;4
LEYANN;15
LÉYANN;3
LEYHAN;7
LEYN;5
LEYTH;15
LEYVIN;4
LÉZIO;4
LHÉO;4
LHYAM;5
LIAAM;3
LIAM;2739
LÏAM;30
LIAN;10
LIANDRO;13
LIANO;18
LICIO;3
LIEL;4
LIEM;4
LIÊM;10
LIENZO;4
LIÈS;3
LIHAM;92
LILIAN;192
LILIANO;3
LILIO;174
LILO;20
LILOUAN;7
LILYAN;6
LILYO;36
LINCOLN;13
LINK;5
LINO;428
LIO;10
LIONEL;36
LIOR;65
LIRON;7
LIRONE;5
LIROY;8
LISANDRE;21
LISANDRO;208
LISANDRU;33
LISIO;13
LISSANDRE;19
LISSANDRO;109
LIVAÏ;15
LIVAN;6
LIVIAN;4
LIVIO;800
LIVYO;8
LIWAN;3
LIWEN;3
LIYAM;50
LIYAN;6
LIZANDRO;12
LIZIANO;7
LIZIO;79
LLIAM;3
LLORIS;8
LLOYD;20
LLUIS;4
LLYAM;3
LOAM;14
LOAN;377
LOANN;90
LOAY;15
LOÉ;17
LOEIZ;7
LOEN;16
LOËN;45
LOENN;9
LOËNN;7
LOEVAN;23
LOÉVAN;35
LOËVAN;45
LOEVANN;6
LOÉVANN;12
LOËVANN;20
LOGAN;748
LOGANN;24
LOGHAN;24
LOGHANN;8
LOHAM;6
LOHAN;211
LOHANN;34
LOHÉ;9
LOHEN;10
LOIC;3
LOÏC;134
LOÏCK;9
LOIS;3
LOÏS;263
LOKI;5
LOKMAN;13
LOKMANE;4
LOLAN;3
LOMIG;5
LONDON;4
LONI;22
LONIS;6
LONNI;3
LONNY;14
LONY;37
LOOKA;9
LOQMAN;35
LOQMANE;4
LOQMEN;5
LORAN;4
LORENS;4
LORENTZ;3
LORENZO;567
LORIC;10
LORICK;7
LORIK;17
LORIS;273
LORRIS;4
LORYS;59
LOSSENI;7
LOTFI;10
LOTHAIRE;3
LOU;173
LOUAI;3
LOUAÏ;11
LOUAM;4
LOUAN;11
LOUAY;91
LOUCA;85
LOUCAS;86
LOUCIANN;3
LOUCIANO;8
LOUCKA;20
LOUCKAS;3
LOUEN;20
LOUËN;15
LOUENN;10
LOUEY;17
LOUIE;5
LOUIS;3795
LOUÏS;11
LOUIS-CHARLES;3
LOUIS-GABRIEL;12
LOUIS-MARIE;15
LOUISON;253
LOUKA;481
LOUKAS;82
LOUKASS;9
LOUKMAN;4
LOUKMANE;6
LOUMÉO;13
LOUNES;32
LOUNÈS;35
LOUNIS;49
LOUNY;4
LOUNYS;9
LOUP;183
LOUQMAN;12
LOURENÇO;28
LOUWEN;7
LOUY;3
LOUYS;3
LOVAN;8
LOVANN;7
LOWAN;15
LOWANN;4
LOWEL;4
LOWELL;3
LOWEN;149
LOWENN;17
LOWENS;3
LOYD;5
LOYS;12
LOŸS;4
LUAN;27
LUBIN;121
LUC;70
LUCA;386
LÙCA;6
LUCAS;3245
LÙCAS;4
LUCCA;30
LUCCIANO;6
LUCCIO;3
LUCENZO;31
LUCIAN;37
LUCIANO;108
LUCIEN;580
LUCIENZO;4
LUCIO;24
LUCIUS;7
LUCK;3
LUCKA;5
LUCKAS;7
LUDOVIC;23
LUDWIG;11
LUIGI;22
LUIS;202
LUÏS;12
LUIZ;11
LUKA;343
LÙKA;9
LÜKA;3
LUKAS;164
LÙKAS;4
LUKASZ;3
LUKE;67
LUKEN;11
LUPIN;3
LUQMAN;49
LUQMÂN;3
LUQMANE;3
LUTHER;3
LYAAM;7
LYAD;23
LYAM;1355
LYAMM;7
LYAN;25
LYANDRO;13
LYANN;8
LYANO;27
LYDÉRIC;3
LYEM;4
LYENZO;8
LYES;41
LYÈS;18
LYESS;9
LYHAM;94
LYHAN;7
LYIAM;3
LYLIAN;23
LYLIO;86
LYLO;4
LYMÉO;5
LYNAËL;3
LYNO;20
LYO;13
LYONEL;3
LYOR;9
LYORIS;11
LYRON;11
LYRONN;7
LYS;7
LYSANDRE;109
LYSANDRO;39
LYSIO;8
LYSSANDRE;36
LYSSANDRO;45
LYVAN;13
LYVANN;24
LYVIO;86
LYWAN;5
LYWANN;5
LYWEN;30
LYWENN;7
LYZIO;50
M'BEMBA;6
M'HAMED;5
MAADI;3
MAAZ;4
MABROUK;3
MACEO;16
MACÉO;42
MACIRE;3
MACIRÉ;3
MADALIN;4
MADANI;14
MADDEN;4
MADDY;3
MADEN;35
MADENN;5
MADHI;12
MADHY;7
MADI;35
MADIBA;13
MADISON;3
MADJID;9
MADOU;3
MADY;68
MADYAN;8
MAÉ;510
MAË;58
MAEL;145
MAËL;3292
MAELAN;14
MAÉLAN;14
MAËLAN;201
MAELANN;3
MAËLANN;35
MAËLHAN;5
MAÉLIO;11
MAËLIO;13
MAELO;6
MAÉLO;8
MAËLO;31
MAËLYO;18
MAERON;9
MAÉRON;3
MAËRON;31
MAËRONN;8
MAES;15
MAËS;11
MAËVAN;3
MAEVEN;3
MAGNUS;8
MAHAMADOU;68
MAHAMANE;3
MAHAMED;8
MAHAMOUD;6
MAHDI;143
MAHDY;24
MAHÉ;636
MAHË;10
MAHEDINE;7
MAHÉDINE;3
MAHEL;14
MAHËL;5
MAHER;89
MAHERY;5
MAHI;4
MAHIDINE;4
MAHIEDDINE;9
MAHIEDINE;12
MAHIR;41
MAHLON;3
MAHLONE;3
MAHMOUD;33
MAHMUD;3
MAHO;80
MAHONE;9
MAHONY;5
MAHRAN;3
MAHREZ;11
MAHYDINE;7
MAID;3
MAÏDINE;8
MAÏEUL;7
MAÏLAN;14
MAILEY;3
MAÏLEY;11
MAÏLO;48
MAÏRICK;3
MAÏRON;23
MAÏRONN;11
MAÏWAN;3
MAÏWEN;12
MAÏWENN;9
MAIXENT;4
MAJD;38
MAJDI;3
MAJID;11
MAKA;3
MAKAN;19
MAKHA;3
MAKHTAR;4
MAKSEN;16
MAKSIM;13
MAKSYMILIAN;4
MALAK;4
MALAL;3
MALAMINE;6
MALAURY;3
MALCOLM;25
MALCOM;10
MALEAUME;5
MALEK;70
MALHO;8
MALHON;12
MALHONE;17
MALHONN;22
MALICK;61
MALIK;254
MÂLIK;7
MALLAURY;3
MALLÉ;3
MALLONE;4
MALLORY;21
MALO;1498
MALOAN;9
MALOÉ;25
MALOË;13
MALOH;5
MALON;25
MALONE;835
MALÔNE;11
MALONN;206
MALONNE;7
MALONY;3
MALORY;13
MALOU;4
MALOW;4
MALVIN;3
MALVYN;3
MALWEN;6
MAMADI;11
MAMADOU;278
MAMADY;20
MAME;8
MAMEDY;4
MAMOUDOU;29
MAMOUN;6
MANAËL;26
MANAHAU;7
MANAO;17
MANASSÉ;7
MANATEA;10
MANDRESY;3
MANEC;4
MANEC'H;3
MANECH;14
MANEK;3
MANEL;38
MANÉO;12
MANI;48
MANIL;19
MANNY;19
MANO;16
MANOA;104
MANOAH;26
MANOE;3
MANOÉ;211
MANOË;69
MANOHA;8
MANOHÉ;7
MANOLIS;5
MANOLO;25
MANSA;4
MANSOUR;34
MANU;7
MANUA;6
MANUEL;63
MANY;22
MAO;98
MAOH;4
MAOLAN;6
MAONI;3
MAONY;5
MAOR;4
MAORI;4
MAORO;3
MAORY;4
MARA;6
MARC;180
MARC'ANDRIA;8
MARC-ANTHONY;4
MARC-ANTOINE;18
MARC-ARTHUR;3
MARC-AURÈLE;8
MARC-EMMANUEL;3
MARCEAU;1577
MARCEL;447
MARCELIN;44
MARCELINO;12
MARCELLIN;11
MARCELLO;18
MARCELLU;4
MARCELO;19
MARCIANO;9
MARCIO;8
MARCO;109
MARCOS;11
MARCUS;272
MAREK;12
MARIAN;18
MARIANO;21
MARIEN;4
MARIN;686
MARINO;4
MARIO;59
MARIUS;1843
MARK;26
MARKO;14
MARKUS;19
MARLAY;6
MARLEY;299
MARLO;39
MARLON;345
MARLONE;48
MARLONN;47
MARLOW;23
MARLOWN;4
MAROUAN;4
MAROUANE;19
MARSAULT;7
MARSHALL;7
MARSO;6
MARTI;3
MARTIAL;26
MARTIM;15
MARTIN;1772
MARTINO;7
MARTINS;4
MARTY;54
MARVEL;6
MARVELLOUS;8
MARVELOUS;4
MARVENS;14
MARVIN;100
MARVYN;31
MARWAN;150
MARWANE;25
MARWANN;4
MARWEN;6
MARYUS;10
MASON;18
MASSA;3
MASSAMBA;7
MASSI;8
MASSIL;13
MASSIM;4
MASSIMILIANO;3
MASSIMO;21
MASSIN;5
MASSINE;17
MASSINISSA;17
MASSIRÉ;3
MASSYL;26
MASTAN;7
MASTEN;15
MATEA;3
MATEI;57
MATÉI;9
MATEÏ;3
MATÉÏ;3
MATÉIS;6
MATEÏS;3
MATÉÏS;4
MATEJA;5
MATEO;143
MATÉO;412
MATEUS;15
MATEUSZ;4
MATHÉIS;42
MATHEÏS;13
MATHÉÏS;31
MATHEO;53
MATHÉO;1208
MATHËO;4
MATHEUS;23
MATHEW;14
MATHÉYS;6
MATHIAS;486
MATHIEU;228
MATHIS;1734
MATHÏS;11
MATHURIN;25
MATHY;7
MATHYAS;19
MATHYS;721
MATHYSS;3
MATI;5
MATIA;7
MATIAS;107
MATILIO;9
MATIS;92
MATISSE;55
MATS;3
MATT;64
MATTEÏ;8
MATTÉÏ;4
MATTEO;334
MATTÉO;636
MATTEU;7
MATTEW;5
MATTHÉO;51
MATTHEW;104
MATTHIAS;117
MATTHIEU;166
MATTHIEW;4
MATTHIS;32
MATTHYS;9
MATTI;14
MATTIA;161
MATTIAS;19
MATTIN;21
MATTIS;24
MATTY;16
MATTYS;10
MATVEI;6
MATVEY;6
MATY;5
MATYAS;11
MATYS;88
MAUI;4
MAURICE;20
MAURIN;4
MAURO;13
MAVERICK;13
MAVRICK;4
MAX;189
MAXAN;5
MAXANCE;15
MAXANDRE;15
MAXEN;8
MAXENCE;1194
MAXENDRE;3
MAXENS;14
MAXIM;51
MAXIME;1052
MAXIMILIAN;13
MAXIMILIEN;107
MAXIMIN;6
MAXIMO;4
MAXIMUS;5
MAXWELL;15
MAXYM;4
MAYAN;10
MAYANN;11
MAYAR;3
MAYAS;26
MAYDEN;28
MAYDIN;4
MAYDINE;8
MAYEL;25
MAYES;8
MAYEUL;89
MAYLAN;118
MAYLANN;59
MAYLO;19
MAYLON;226
MAYLONE;422
MAYLONN;120
MAYOL;5
MAYRON;512
MAYRONE;42
MAYRONN;78
MAYRONNE;8
MAYSON;58
MAYSSON;20
MAYVEN;5
MAYVIN;4
MAYWEN;13
MAZEN;23
MAZIGH;4
MAZIN;3
MAZINE;5
MBEMBA;4
MD;4
MEDDY;8
MÉDÉRIC;5
MEDHI;4
MEDHY;10
MEDIN;3
MEDINE;26
MÉDINE;62
MEDY;3
MEHDI;320
MEHDINE;4
MEHDY;20
MEHMET;65
MEHRAN;3
MEIR;4
MEÏR;4
MEJD;3
MEKKI;3
MELAN;3
MÉLAN;3
MELCHIOR;43
MELEN;5
MELIH;71
MÉLIH;6
MELIK;14
MELIO;7
MÉLIO;25
MELVIL;19
MELVILLE;6
MELVIN;97
MELVY;3
MELVYN;78
MELVYNN;6
MELWAN;24
MELYAN;7
MÉLYAN;3
MEMPHIS;10
MENACHEM;3
MENAHEM;14
MENDEL;15
MENDY;9
MENELIK;5
MENPHIS;4
MENZO;91
MÉO;7
MERLIN;88
MERVAN;6
MERWAN;19
MERYL;4
MÉRYL;3
MESSI;8
MESSIE;3
MESSON;16
MESSY;4
METE;6
METEHAN;12
METIN;5
MEVEN;8
MÉVEN;3
MEVLUT;4
MEWEN;30
MÉWEN;8
MEWENN;14
MEYLAN;16
MEYLANN;3
MEYRON;11
MEYSON;20
MEYSSAN;5
MEYSSON;15
MEYVEN;4
MEZIANE;6
MÉZIANE;6
MHAMED;4
MICAEL;4
MICAËL;3
MICAH;7
MICHA;6
MICHAEL;60
MICHAËL;32
MICHAL;3
MICHÉE;5
MICHEL;65
MICHKA;4
MICIPSA;5
MICKAEL;42
MICKAËL;105
MICKAÏL;7
MICKY;4
MIGUEL;134
MIGUËL;4
MIHAI;9
MIHAIL;6
MIHRAN;9
MIKA;18
MIKAEL;27
MIKAËL;24
MIKAIL;43
MIKAÏL;47
MIKE;52
MIKEL;16
MIKHAËL;3
MIKHAIL;9
MIKHAÏL;12
MIKI;3
MIKOLAJ;3
MILAD;11
MILAN;782
MILÀN;104
MILANE;14
MILANN;658
MILANO;20
MILES;9
MILHAN;247
MILHÂN;6
MILHANE;83
MILHANN;13
MILIAN;24
MILIANN;5
MILIANO;22
MILIO;25
MILLAN;18
MILLIAN;8
MILO;1475
MILOS;4
MILOUD;5
MILOVAN;5
MILOW;15
MILYAN;19
MINATO;3
MINH;9
MINO;5
MIO;4
MIR;3
MIRAC;26
MIRAÇ;42
MIRACLE;9
MIRADI;3
MIRAN;127
MIRCEA;3
MIRHAN;5
MIRKAN;3
MIRKO;14
MIRON;5
MIROSLAV;4
MIRZA;20
MISAËL;5
MISHA;12
MISHKA;3
MIYAZ;26
MOANA;9
MOATAZ;3
MOAYAD;3
MOCHÉ;4
MOCTAR;16
MODIBO;21
MODOU;3
MODY;20
MOHAB;3
MOHAMAD;31
MOHAMADOU;14
MOHAMED;2301
MOHAMED-ADAM;9
MOHAMED-ADEM;3
MOHAMED-ALI;70
MOHAMED-AMIN;7
MOHAMED-AMINE;77
MOHAMED-AMIR;14
MOHAMED-ANAS;3
MOHAMED-ANES;3
MOHAMED-AYOUB;4
MOHAMED-AZIZ;10
MOHAMED-EL;3
MOHAMED-HAROUN;6
MOHAMED-ILYES;5
MOHAMED-IMRAN;6
MOHAMED-IYAD;3
MOHAMED-IYED;4
MOHAMED-LAMINE;30
MOHAMED-REDA;4
MOHAMED-SALAH;4
MOHAMED-SALIM;4
MOHAMED-TAHA;6
MOHAMED-WASSIM;3
MOHAMED-YACINE;5
MOHAMED-YANIS;5
MOHAMED-YASSINE;9
MOHAMED-YOUNES;3
MOHAMED-YOUSSEF;5
MOHAMMAD;92
MOHAMMED;364
MOHAMMED-ALI;12
MOHAMMED-AMINE;13
MOHAMMED-AMIR;3
MOHAMMED-LAMINE;3
MOHAN;5
MOHAND;13
MOHCINE;3
MOHSEN;3
MOISE;13
MOÏSE;54
MOKHTAR;17
MOKRANE;3
MOMAR;5
MONCEF;30
MONROE;3
MONTASSAR;3
MORAD;7
MORANN;3
MORGAN;185
MORGANN;10
MORI;4
MORIBA;5
MORY;27
MOSES;3
MOSHÉ;9
MOSTAFA;6
MOSTEFA;3
MOUAD;29
MOUADH;13
MOUAYAD;5
MOUAYED;4
MOUBARAK;3
MOUCTAR;7
MOUHAMAD;34
MOUHAMADOU;42
MOUHAMADOU-LAMINE;3
MOUHAMED;141
MOUHAMMAD;61
MOUHAMMED;20
MOUHIB;3
MOUHSINE;4
MOUHSSINE;3
MOUKHAMMAD;4
MOULAY;11
MOULAYE;3
MOULOUD;4
MOUNDIR;3
MOUNIB;11
MOUNIR;23
MOUNTAGA;3
MOURAD;22
MOUSLIM;5
MOUSSA;451
MOUSSAB;3
MOUSTAFA;14
MOUSTAPHA;83
MUADH;3
MUAZ;7
MUHAMAD;3
MUHAMED;22
MUHAMET;7
MUHAMMAD;175
MUHAMMAD-ALI;5
MUHAMMED;105
MUHAMMED-ALI;9
MUHAMMED-EMIN;8
MUHAMMET;9
MUHSIN;5
MURAT;13
MUSA;26
MUSAB;19
MUSLIM;3
MUSSA;5
MUSTAFA;78
MUSTAPHA;28
MYKE;7
MYLAN;468
MYLÀN;7
MYLANE;7
MYLANN;363
MYLANO;8
MYLES;3
MYLHAN;39
MYLHANN;5
MYLIAN;10
MYLIANO;10
MYLLAN;7
MYLO;118
MYLOW;6
MYO;3
MYRON;24
MYRONE;3
MYRONN;4
N'GOLO;4
NABI;5
NABIL;93
NABY;15
NABYL;3
NACER;4
NACIM;11
NADER;5
NADHIR;10
NADIM;22
NADIR;54
NADJIM;8
NAÉ;58
NAË;5
NAEEM;5
NAEL;299
NAÉL;3
NAÈL;3
NAËL;1771
NAËLAN;3
NAHÉ;25
NAHEL;209
NAHËL;84
NAHELE;3
NAHID;9
NAHIL;493
NAHÏL;92
NAHIM;29
NAHÏM;17
NAHO;9
NAHUEL;10
NAHUM;5
NAHYAN;3
NAHYL;82
NAHYM;9
NAIL;12
NAÏL;280
NAÏLAN;8
NAIM;40
NAÏM;943
NAÏS;3
NAJD;3
NAJEM;3
NAJIB;7
NAJIM;13
NAJM;3
NAKIM;4
NAMIR;4
NAMORY;12
NANDO;4
NANO;8
NANS;56
NAO;79
NAOFEL;6
NAOH;5
NAOKI;7
NAOR;26
NAOS;6
NAOUFAL;5
NAOUFEL;18
NARCISSE;4
NAREK;13
NASIM;3
NASIR;4
NASREDDINE;5
NASRI;3
NASSEM;3
NASSER;21
NASSIF;4
NASSIM;430
NASSIR;5
NASSYM;4
NATAEL;8
NATAËL;22
NATALE;9
NATAN;35
NATANAEL;10
NATANAËL;20
NATANE;5
NATANIEL;7
NATE;13
NATEO;8
NATÉO;78
NATHAEL;11
NATHAËL;157
NATHAN;2402
NATHANAEL;45
NATHANAËL;510
NATHANE;11
NATHANIEL;69
NATHAO;3
NATHEO;8
NATHÉO;97
NATHIS;10
NATHY;4
NATHYS;18
NATTAN;6
NATTÉO;7
NATTHAN;5
NATY;3
NATYS;6
NAVEEN;7
NAVID;4
NAWAD;6
NAWAL;3
NAWEL;4
NAWFAL;5
NAWFEL;42
NAYAM;4
NAYAN;47
NAYANE;4
NAYANN;22
NAYATI;4
NAYDEN;18
NAYEL;29
NAYIL;7
NAYIM;4
NAYL;12
NAYLAN;8
NAYM;10
NAYTE;6
NAYTON;3
NAZAR;7
NAZIM;30
NAZIR;9
NEAL;14
NEDIM;6
NEEL;4
NEELAN;5
NEGAN;13
NÉGAN;14
NÉHÉMIE;4
NEHIL;3
NEHLAN;8
NEHYL;4
NEIL;85
NEÏL;11
NEÏLAN;4
NEJI;8
NÉJI;8
NEL;6
NELIO;15
NÉLIO;73
NELL;4
NELLO;7
NELSON;134
NELYO;14
NÉLYO;34
NEMANJA;3
NEO;20
NÉO;183
NÉOH;3
NERIO;4
NÉRIO;3
NESIM;6
NESSIM;50
NESSYM;4
NESTA;42
NESTOR;7
NETANEL;3
NEVAN;5
NEVEN;28
NÉVEN;7
NEWEN;5
NEYL;9
NEYLAN;19
NEYLANN;3
NEYMAR;4
NEZAR;4
NEZIR;3
NGOC;3
NHOÉ;4
NICHOLAS;9
NICKY;13
NICO;5
NICODÈME;3
NICOLA;22
NICOLAE;6
NICOLAÏ;4
NICOLAS;345
NICOLO;5
NIDAL;15
NIDHAL;19
NIEL;4
NIELS;67
NIHAD;5
NIKI;7
NIKITA;28
NIKKI;3
NIKLAS;4
NIKO;8
NIKODEM;3
NIKOLA;28
NIKOLAÏ;3
NIKOLAS;22
NIKOLOZ;3
NIKOLOZI;3
NIL;46
NILAN;9
NILO;14
NILS;160
NILSON;3
NINHO;42
NINIO;9
NINO;1527
NIRAJ;5
NIRINA;3
NISSIM;10
NIZAM;5
NIZAR;69
NOA;835
NOAH;2802
NOAHM;3
NOAM;808
NOÂM;53
NOÄM;13
NOAN;78
NOANN;13
NOE;10
NOÉ;2123
NOÈ;4
NOË;33
NOEH;8
NOÉH;8
NOEL;8
NOËL;14
NOELAN;3
NOÉLAN;15
NOËLAN;7
NOÉLANN;3
NOËLANN;5
NOÉVAN;6
NOËVAN;3
NOHA;71
NOHAM;573
NOHAN;94
NOHANN;11
NOHE;6
NOHÉ;64
NOHLAN;59
NOHLANN;9
NOLA;5
NOLAM;3
NOLAN;1501
NOLANE;10
NOLANN;171
NOLHAN;207
NOLHANN;19
NOLLAN;7
NOMINOË;3
NONNA;4
NOOR;15
NORDINE;13
NORÉ;15
NORI;8
NORIK;5
NORMAN;3
NOUAYM;3
NOUH;52
NOÛH;3
NOUHA;19
NOUHOU;4
NOUR;62
NOURDINE;8
NOUREDDINE;12
NOURI;11
NOURY;4
NOVA;4
NOVAK;15
NOVAN;3
NOWAM;3
NOYAN;9
NUH;3
NUMA;27
NUNO;34
NUNZIO;8
NURI;5
NY;3
NYL;7
NYLAN;21
NYLANN;9
NYLS;23
NYNO;53
OCÉAN;7
OCTAVE;383
OCTAVIAN;6
OCTAVIO;4
ODAY;7
ODEI;3
ODEN;3
ODILON;8
ODIN;46
OGUZHAN;4
OHAN;4
OIHAN;51
OÏHAN;17
OISIN;3
OLAF;3
OLAN;6
OLEG;4
OLIVER;104
OLIVIER;86
OLIVIO;3
OLYMPE;10
OMAËL;3
OMAR;313
OMER;48
ÖMER;51
OMID;3
OMRAN;3
ONÉSIME;5
ONUR;7
OR;3
ORACLE;8
OREL;4
OREN;19
ORENS;7
ORGES;3
ORHAN;10
ORIAN;6
ORION;50
ORLAN;8
ORLANDO;14
ORPHÉE;21
ORSO;57
ORSON;4
OSAMA;3
OSCAR;843
OSKAR;19
OSMAN;47
OSSAMA;4
OSSIAN;6
OSWALD;5
OTHMAN;55
OTHMÂN;10
OTHMANE;32
OTHNIEL;10
OTIS;25
OTMAN;3
OTMANE;4
OTNIEL;3
OTTO;10
OUALID;3
OUASSIM;5
OUBAY;11
OUBEY;6
OUBEYD;3
OUDAY;6
OUMAR;136
OUMAROU;7
OUNAYS;10
OUNEYS;3
OURI;3
OURIEL;5
OURY;5
OUSMAN;11
OUSMANE;172
OUSSAMA;50
OUSSEYNOU;8
OUSSMAN;3
OUSSMANE;3
OUWAÏS;3
OUWAYS;46
OUWAYSS;8
OUWEYS;18
OUWEYSS;5
OWAIS;10
OWAYS;22
OWAYSS;7
OWEIS;3
OWEISS;3
OWEN;1037
OWENN;39
OWENS;5
OWEYS;13
OWEYSS;4
OZAN;17
OZIAS;4
PABLO;971
PACO;135
PACÔME;92
PAGA;4
PAKO;5
PAO;4
PAOL;11
PAOLINO;4
PAOLO;203
PAPA;10
PAPE;13
PARIS;4
PÂRIS;8
PASCAL;10
PASQUALE;3
PATRICE;4
PATRICK;27
PATXI;12
PAUL;2477
PAUL-ANTOINE;16
PAUL-ARTHUR;4
PAUL-EMILE;3
PAUL-HENRI;6
PAUL-HENRY;3
PAUL-JOSEPH;3
PAUL-LOUIS;9
PAUL-LOUP;3
PAUL-MARIE;6
PAULIN;114
PAULO;14
PAVEL;35
PAWEL;10
PEDRO;38
PÉDRO;4
PEIO;9
PEÏO;11
PERCEVAL;3
PETAR;3
PETER;38
PETRU;15
PETRU-MARIA;3
PETRU-SANTU;5
PEYO;14
PHAREL;11
PHARELL;116
PHARRELL;22
PHILÉAS;15
PHILÉMON;23
PHILIBERT;4
PHILIP;8
PHILIPPE;92
PHUC;4
PIERO;3
PIERRE;434
PIERRE-ANGE;4
PIERRE-ANTOINE;6
PIERRE-JEAN;4
PIERRE-LOUIS;18
PIERRE-MARIE;7
PIERRE-PAUL;3
PIERRE-YVES;3
PIERRICK;8
PIERROT;17
PIETRO;22
PIO;124
PIOTR;3
POL;12
POYRAZ;16
PRAISE;5
PRÉCIEUX;6
PRECIOUS;3
PRESLEY;12
PRESNEL;9
PRESTON;38
PRESTONE;4
PRIAM;88
PRINCE;55
PROSPER;13
PRYAM;7
QAIS;3
QAÏS;10
QASIM;21
QASSEM;6
QASSIM;250
QÂSSIM;10
QASSYM;7
QAYIM;11
QAYS;22
QAYYIM;23
QUENTIN;243
QUINCY;9
QUSAY;6
RABAH;12
RACHID;30
RACIM;20
RADJAN;6
RADJEN;3
RADWAN;4
RAED;5
RAEL;3
RAËL;4
RAFA;3
RAFAEL;506
RAFAËL;516
RAFFAEL;9
RAFFAËL;13
RAFFAELE;15
RAFI;4
RAFIK;9
RAGNAR;9
RAHEEM;25
RAHIL;4
RAHIM;74
RAHMAN;5
RAHYAN;3
RAIAN;4
RAÏD;4
RAIDEN;4
RAILEY;16
RAÏLEY;32
RAÏS;32
RAÏSS;5
RAJAN;5
RAKAN;3
RAKIB;3
RALI;8
RALPH;13
RAMA;4
RAMADAN;3
RAMAZAN;8
RAMI;24
RAMIZ;6
RAMY;35
RAMZI;14
RAMZY;5
RANDALL;5
RANDY;15
RANI;5
RAOUL;25
RAPHAEL;180
RAPHAËL;3970
RARES;12
RASIM;7
RASLAN;5
RASLENE;3
RASSIM;27
RASSOUL;7
RAUL;16
RAVEN;4
RAVI;5
RAVY;3
RAYAAN;3
RAYAN;1329
RAYANE;195
RAYANN;16
RAYANNE;3
RAYDEN;11
RAYEL;5
RAYEN;19
RAYHAN;16
RAYHANE;3
RAYLAN;12
RAYLEY;5
RAYMOND;22
RAYSSEN;5
RAYYAN;10
RAYYÂN;3
RAZAK;3
RAZIEL;7
RAZVAN;10
REDA;64
RÉDA;24
REDHA;3
REDOUANE;23
REDWAN;10
REDWANE;4
REESE;4
REFF;3
REHAN;10
RÉHAN;8
REIS;10
REJAN;3
RÉMI;107
REMUS;3
RÉMY;46
RENAN;18
RENAS;6
RENATO;8
RENAUD;17
RENÉ;10
RENZO;5
REOUVEN;3
REPHAEL;4
RESUL;4
REX;3
REYAN;6
REYANN;3
REYHAN;4
RHALI;9
RHAYAN;3
RHEMA;5
RHYS;5
RIAD;41
RIAN;8
RICARDO;31
RICCARDO;3
RICHARD;36
RICHARDSON;3
RICK;3
RICKY;3
RIDA;7
RIDHA;5
RIDOUANE;3
RIDVAN;4
RIDWAN;7
RIDWANE;4
RIFKI;3
RIHAN;3
RILES;6
RILÈS;18
RILEY;75
RIO;41
RION;7
RISHI;3
RITCHIE;4
RITCHY;9
RIVER;4
RIWAL;4
RIWAN;4
RIYAD;146
RIYADH;4
RIYAN;8
RIYANE;3
ROAN;31
ROANN;5
ROANNE;3
ROBBY;6
ROBERT;29
ROBERTO;12
ROBIN;1629
ROBINSON;36
ROBY;4
ROBYN;6
ROCCO;5
ROCH;37
RODI;3
RODIN;4
RODNEY;4
RODOLPHE;3
RODRIGO;40
RODRIGUE;9
ROEL;6
ROGER;9
ROHAN;56
ROHANN;8
ROLAND;15
ROMAIN;232
ROMAN;191
ROMÀN;6
ROMANE;6
ROMANN;30
ROMANO;3
ROMARIC;10
ROMEO;50
ROMÉO;622
ROMI;3
ROMUALD;3
ROMY;5
RON;9
RONAËL;3
RONALD;3
RONALDO;7
RONAN;35
RONI;13
RONNIE;4
RONNY;6
RONY;8
ROODY;3
RORY;8
ROSARIO;5
ROSHAN;7
ROSS;5
ROSTOM;3
ROWAN;23
ROY;22
RUBBEN;4
RUBEN;458
RÙBEN;3
RUBÉN;8
RUBENN;7
RUDI;3
RUDY;52
RUI;6
RUSTEM;3
RÜZGAR;5
RWAN;3
RYAD;90
RYAN;261
RYANN;4
RYHAN;3
RYLAN;5
RYLÈS;3
RYLEY;3
RYO;12
RYU;5
SA'AD;4
SAAD;90
SAÂD;25
SAADI;3
SABER;11
SABIR;4
SABRI;35
SABRY;8
SACHA;2554
SADA;3
SADAM;3
SADDAM;4
SADEK;11
SADEN;10
SADI;5
SADIO;19
SAEL;3
SAËL;26
SAFI;3
SAFIR;26
SAFOUAN;3
SAFOUANE;22
SAFWAN;118
SAFWÂN;5
SAFWANE;56
SAFWEN;10
SAFYR;3
SAHEL;50
SAHËL;4
SAHIB;3
SAHIL;8
SAHIM;10
SAHIN;4
SAI;3
SAÏAN;14
SAID;28
SAÏD;61
SAIDOU;7
SAÏDOU;9
SAIF;25
SAÏF;19
SAIF-EDDINE;4
SAÏF-EDDINE;3
SAÏFDINE;3
SAIFEDDINE;6
SAÏM;6
SAINT;4
SAIYAN;3
SAÏYAN;8
SAJAD;4
SAJED;40
SAJI;7
SAJID;71
SALAH;50
SALAH-EDDINE;5
SALAHDIN;4
SALAHEDDINE;4
SALEH;6
SALEM;22
SALIF;32
SALIH;22
SALIM;194
SALIMOU;14
SALIOU;19
SALMAN;76
SALMÂN;12
SALMANE;38
SALMEN;3
SALOMÉ;3
SALOMON;18
SALOU;4
SALOUM;4
SALVADOR;40
SALVATORE;10
SALYM;3
SAM;229
SAMAD;4
SAMAEL;7
SAMAËL;82
SAMBA;58
SAMBOU;5
SAMET;7
SAMI;295
SAMIR;73
SAMMY;16
SAMORY;5
SAMPIERU;5
SAMSON;18
SAMUEL;1402
SAMUËL;10
SAMUELE;4
SAMVEL;5
SAMY;317
SAN;3
SANAD;26
SANDERS;3
SANDJAY;3
SANDRO;592
SANDY;4
SANED;4
SANI;3
SANJAY;12
SANJI;4
SANKOUMBA;20
SANTI;11
SANTIAGO;110
SANTINO;33
SANTO;3
SANTU;14
SANY;4
SAO;3
SAPHIR;22
SARKIS;4
SASCHA;8
SASHA;476
SATHYA;3
SATYA;16
SATYAM;3
SAUL;61
SAÜL;12
SAULE;5
SAVERIU;3
SAVIO;9
SAWYER;14
SAYAN;65
SAYANE;10
SAYANN;28
SAYDEN;4
SAYED;6
SAYEL;4
SAYF;16
SAYFALLAH;3
SAYFEDINE;3
SAYFOULLAH;7
SAYFULLAH;10
SAYSANA;5
SCHILO;3
SCOTT;51
SEAN;27
SEBASTIAN;53
SÉBASTIAN;9
SEBASTIEN;10
SÉBASTIEN;79
SEDAT;3
SEFA;8
SEGA;4
SÉGA;3
SEIF;4
SEÏF;5
SEIF-EDDINE;5
SEIFEDDINE;8
SEIJI;4
SEIYA;8
SEKHOU;4
SEKOU;55
SÉKOU;17
SEKOUBA;6
SÉLIAN;3
SELIM;159
SÉLIM;36
SELMAN;32
SELMANE;9
SELMEN;27
SELMENE;4
SELYAN;79
SÉLYAN;8
SELYANE;11
SEM;19
SEMA;3
SEMIH;27
SÉNI;4
SENNA;6
SENNY;4
SENY;16
SÉRAPHIN;27
SERDAR;3
SERGE;13
SERGEJ;3
SERGIO;41
SERGIU;5
SERGUEÏ;4
SERHAD;3
SERHAT;9
SERIGNE;32
SERIGNE-SALIOU;8
SERKAN;5
SERVAN;8
SERWAN;3
SETH;52
SETHY;3
SEVAN;39
SÉVAN;12
SEVANN;6
SÉVANN;3
SEVEN;8
SÉVERIN;6
SEYDI;7
SEYDINA;37
SEYDINA-MOUHAMED;4
SEYDOU;42
SEYF;8
SEYFDINE;3
SEYFEDDINE;3
SEYHAN;3
SEYID;4
SEYIT;13
SEYLAN;5
SEYMEN;9
SEYNI;3
SEYYID;11
SHAD;5
SHADI;8
SHADY;13
SHAHEED;5
SHAHEEN;16
SHAHID;14
SHAHIM;3
SHAHIN;30
SHAHÏN;6
SHAHINE;28
SHAHIR;3
SHAHYN;4
SHAÏ;9
SHAÏM;4
SHAIN;3
SHAÏN;31
SHAÏNE;9
SHAKIL;4
SHAKUR;4
SHALOM;5
SHAMIL;3
SHAMS;13
SHANE;7
SHARON;3
SHARVIN;3
SHAUN;4
SHAWN;21
SHAY;7
SHAYAN;33
SHAYANN;12
SHAYDEN;6
SHAYN;9
SHAYNE;15
SHELDON;31
SHEMS;20
SHEMS-EDDINE;3
SHEMSDINE;3
SHEMSY;5
SHERIF;3
SHEUN;6
SHILO;6
SHILOH;5
SHIMON;4
SHLOMO;3
SHUN;13
SIAKA;9
SIAM;12
SIAR;7
SID;4
SIDAR;3
SIDDHARTH;3
SIDI;15
SIDIKI;15
SIDIYA;3
SIDNEY;7
SIDOINE;15
SIDY;29
SIDYA;5
SIEGFRIED;6
SIKHOU;3
SIKOU;5
SILAS;93
SILIMA;5
SILLY;4
SILOÉ;3
SILVA;4
SILVAN;3
SILVANO;3
SILVIO;12
SILYAN;3
SIMAO;32
SIMÉO;30
SIMEON;7
SIMÉON;139
SIMON;1202
SINA;6
SINAÏ;5
SINALY;3
SINAN;17
SINAY;5
SINDOU;5
SIRAC;4
SIRAJ;13
SIRAT;3
SIRIO;4
SIRIUS;33
SIROU;4
SIVAN;4
SIWAN;4
SIXTE;19
SIYAM;3
SKANDER;23
SLAY;3
SLAYTON;4
SLIM;3
SLIMANE;22
SLOAN;29
SLOANN;8
SLOHAN;7
SLOWAN;8
SMAËL;8
SMAIL;3
SMAÏL;3
SMAÏN;5
SOA;5
SOAM;5
SOAN;1106
SOÄN;15
SOANE;16
SOANN;148
SOEL;7
SOËL;8
SOEN;64
SOËN;141
SOENN;3
SOFIAN;34
SOFIANE;222
SOFIEN;3
SOFIENE;4
SOFYAN;7
SOFYANE;3
SOFYEN;3
SOHAIB;25
SOHAÏB;10
SOHAIL;9
SOHAÏL;8
SOHAM;23
SOHAN;1231
SOHANE;8
SOHANN;97
SOHAYB;6
SOHAYL;4
SOHEIB;4
SOHEIL;11
SOHEÏL;6
SOHEL;18
SOHEN;28
SOHËN;5
SOHEYL;11
SOL;6
SOLA;4
SOLAL;248
SOLAN;80
SOLANE;5
SOLANN;40
SOLAYMAN;4
SOLEN;5
SOLEYMAN;6
SOLHAN;3
SOLI;4
SOLIMAN;4
SOLOMON;15
SOLTAN;4
SOLTANE;7
SOLY;3
SOLYAN;5
SONAM;8
SONNY;24
SONY;6
SORA;12
SORAN;3
SOREN;142
SÖREN;85
SORËN;40
SORENN;3
SORIBA;17
SORIN;3
SORY;7
SORYAN;4
SOUAN;4
SOUAREBA;6
SOUDAIS;6
SOUDAÏS;3
SOUFIAN;3
SOUFIANE;19
SOUHAIB;8
SOUHAÏB;6
SOUHAIL;30
SOUHAÏL;28
SOUHAN;3
SOUHAYB;12
SOUHAYL;64
SOUHEIL;15
SOUHEÏL;10
SOUHEYB;4
SOUHEYL;51
SOUHIL;16
SOUHYL;4
SOULAIMAN;4
SOULAIMANE;4
SOULAYMAN;121
SOULAYMANE;47
SOULAYMEN;26
SOULEIMAN;8
SOULEÏMEN;3
SOULEMAN;3
SOULEMANE;4
SOULEYM;5
SOULEYMAN;277
SOULEYMANE;303
SOULEYMEN;61
SOULEYMENE;7
SOULEYMÈNE;4
SOULIMAN;3
SOUMAILA;3
SOUMAÏLA;8
SOURAKATA;3
SOVANN;7
SOWAN;12
SOWANN;6
SOWEN;16
SPENCER;12
STALLONE;6
STAN;111
STANIS;5
STANISLAS;115
STANISLAV;4
STANLEY;47
STANN;10
STANNY;3
STANY;10
STANYSLAS;4
STEEVE;10
STEEVEN;6
STEFAN;38
STEFANO;3
STEFEN;4
STELIAN;4
STELLIO;5
STEN;3
STEPHAN;3
STÉPHAN;3
STEPHANE;7
STÉPHANE;42
STEPHEN;12
STERLING;4
STEVAN;6
STEVE;12
STEVEN;46
STIVEN;4
SUBHAN;6
SUHAYB;11
SUHAYL;11
SUHEYL;4
SULAIMAN;6
SULAYMAN;26
SULAYMÂN;4
SULEIMAN;5
SULEYMAN;46
SÜLEYMAN;25
SULEYMANE;4
SULEYMEN;3
SULIAC;5
SULIMAN;6
SULLIVAN;19
SULLY;15
SULLYVAN;23
SULTAN;26
SULYMAN;4
SULYVAN;5
SULYVANN;3
SUN;6
SUNNY;5
SURAJ;3
SURYA;3
SVEN;23
SWAN;439
SWANN;402
SWANNY;13
SWANY;25
SWEN;6
SYAM;7
SYAN;5
SYANN;4
SYDNEY;14
SYLAN;4
SYLAS;21
SYLIAN;4
SYLVAIN;33
SYLVANO;5
SYLVESTRE;3
SYLVIO;11
SYMÉO;3
SYMÉON;13
SYMON;5
SYPHAX;14
SZYMON;5
TAËL;3
TAHA;56
TAHAR;20
TAHER;7
TAHIEL;5
TAHIR;10
TAHIROU;4
TAHIRY;5
TAHIS;3
TAHÏS;6
TAHO;41
TAHYS;38
TAIEB;4
TAÏEB;4
TAÏLAN;3
TAIM;8
TAÏM;10
TAÏRICK;5
TAÏRON;11
TAÏRYS;3
TAÏS;15
TAKUMI;3
TALAL;6
TALEB;3
TALEL;7
TALHA;33
TAMATOA;4
TAMIM;34
TANAËL;8
TANCRÈDE;18
TANCREDI;3
TANGUY;4
TAO;264
TAREK;20
TAREQ;3
TARIK;20
TARIQ;8
TAYEB;16
TAYLAN;30
TAYLANN;3
TAYLER;23
TAYLON;4
TAYLOR;64
TAYM;22
TAYRIC;3
TAYRICK;12
TAYRIS;4
TAYRON;107
TAYRONE;4
TAYSON;11
TAYSSIR;4
TED;4
TEDDY;40
TEIVA;4
TEÏVA;3
TELIO;19
TÉLIO;121
TELLY;3
TELMO;5
TELYO;10
TÉLYO;20
TEMOE;6
TÉMOÉ;4
TENNESSEE;3
TENZIN;32
TEO;14
TÉO;170
TEODOR;21
TEOMAN;6
TERENCE;26
TÉRENCE;37
TERRENCE;12
TERRY;16
TESTIMONY;6
TEVA;9
TÉVA;5
TEYM;6
THADDÉE;7
THADÉE;3
THAÏRON;4
THAÏRYS;5
THAÏS;94
THAMI;3
THANAËL;4
THAO;96
THAWBAN;3
THAYRON;7
THAYS;5
THÉAU;4
THEIS;3
THÉÏS;10
THÉLIAU;6
THELIO;11
THÉLIO;108
THELYO;6
THÉLYO;34
THEO;65
THÉO;1933
THEODEN;3
THÉODEN;14
THEODOR;10
THÉODOR;7
THEODORE;15
THÉODORE;228
THÉOPHANE;17
THÉOPHILE;122
THÉOTIM;6
THÉOTIME;20
THÉRENCE;3
THIAGO;634
THÏAGO;6
THIAM;22
THIBAU;3
THIBAUD;45
THIBAULT;338
THIBAUT;159
THIBO;15
THIERNO;44
THIERRY;16
THILIO;16
THILO;8
THIMAËL;6
THIMEO;6
THIMÉO;126
THIMOTÉ;10
THIMOTÉE;3
THIMOTHÉ;4
THOBIAS;8
THOM;20
THOMA;3
THOMAS;899
THOMASS;3
THOMMY;3
THOMY;4
THONY;4
THYAGO;61
THYAM;67
THYLAN;11
THYLANN;8
THYLER;3
THYLIAN;15
THYLIANN;3
THYLIO;27
THYMAËL;11
THYMEO;3
THYMÉO;110
THYMËO;7
THYMOTÉ;4
TIAGO;1970
TÏAGO;6
TIAM;19
TIAN;11
TIANO;16
TIBÈRE;3
TIBO;17
TIDIANE;105
TIDIANI;3
TIDIANY;3
TIDJAN;4
TIDJANE;22
TIDJANI;4
TIDJANY;4
TIDJY;4
TIDYAN;3
TIDYANE;3
TIEGO;11
TIÉGO;6
TIENZO;3
TIGRAN;13
TIGRANE;5
TIJANI;7
TILIAN;8
TILIANO;3
TILIO;226
TILL;11
TILLIO;3
TILOUAN;4
TILYAN;7
TILYANN;6
TILYO;43
TIM;247
TIMAÉ;73
TIMAË;39
TIMAEL;10
TIMAËL;104
TIMAO;42
TIMÉE;4
TIMÉHO;7
TIMÉLIO;9
TIMEO;51
TIMÉO;1622
TÏMÉO;3
TIMÈO;3
TIMËO;19
TIMMY;17
TIMO;29
TIMOÉ;8
TIMOFEY;4
TIMOTÉ;84
TIMOTEI;13
TIMOTEÏ;5
TIMOTHÉ;396
TIMOTHEE;6
TIMOTHÉE;697
TIMOTHEY;9
TIMOTHY;43
TIMOTY;4
TIMOUR;11
TIMUR;7
TIMY;9
TINAËL;16
TINÉO;7
TINO;153
TITO;5
TITOUAN;228
TITOUANE;5
TIWEN;12
TIWENN;4
TIZIANO;27
TIZIO;19
TOBIAS;130
TOBYAS;8
TOM;2221
TOMA;18
TOMAS;52
TOMÀS;5
TOMASZ;4
TOMÉ;3
TOMI;7
TOMMASO;4
TOMMY;171
TOMY;53
TONI;21
TONIN;3
TONIO;7
TONY;205
TONYNO;3
TOUFIK;7
TOUMANI;5
TOUMANY;5
TOUSSAINT;9
TRAVIS;32
TRÉSOR;4
TREVIS;7
TRÉVIS;4
TREVOR;7
TRÉVOR;7
TRÉVYS;4
TRISTAN;291
TROY;3
TRYSTAN;10
TSION;3
TUDOR;5
TUGDUAL;4
TULIO;3
TURAN;3
TXEMA;4
TXOMIN;4
TYAGO;101
TYAM;20
TYANN;3
TYANO;16
TYBALT;3
TYBO;6
TYDIAN;4
TYDIANE;7
TYHAM;3
TYLAN;25
TYLANN;7
TYLER;170
TYLIAM;11
TYLIAN;39
TYLIANN;23
TYLIANO;10
TYLIO;261
TYLOR;3
TYM;7
TYMAÉ;17
TYMAË;29
TYMAEL;7
TYMAËL;43
TYMAO;18
TYMEO;15
TYMÉO;268
TYMËO;15
TYMON;5
TYMOTÉ;5
TYMOTEUSZ;3
TYMOTHÉ;11
TYNAËL;6
TYNO;33
TYO;3
TYRESE;9
TYRICK;5
TYRON;78
TYRONE;5
TYRONN;6
TYSON;16
TYWEN;15
TYWENN;5
TYZIANO;8
TYZIO;6
UFUK;4
UGO;115
ULRIC;3
ULRICH;8
ULRICK;5
ULRIK;4
ULYS;4
ULYSS;3
ULYSSE;465
UMAR;6
UMEYR;3
UMUT;20
UNAI;27
UNAÏ;4
URBAIN;3
URIEL;33
UROS;3
USMAN;10
UWAYS;4
VADIM;149
VAHÉ;14
VAINQUEUR;4
VALENTIM;3
VALENTIN;1527
VALENTINO;59
VALENTYN;3
VALÈRE;11
VALÉRIAN;57
VALERIO;25
VALÉRIO;7
VAN;4
VASCO;35
VASILE;14
VASSILI;6
VASSILY;9
VIANNEY;58
VICENTE;16
VICENZO;5
VICTOR;1809
VICTORIEN;17
VICTORIN;5
VIGGO;17
VIHAAN;5
VIKEN;3
VIKTOR;91
VINCE;7
VINCENT;89
VINCENZO;33
VINCHENZO;3
VINH;5
VINICIUS;5
VINNY;8
VIRGIL;16
VIRGILE;63
VITALI;8
VITALY;9
VITO;7
VITOR;5
VITTORIO;9
VIVIEN;24
VLAD;33
VLADIMIR;42
VLADISLAV;6
WACIL;4
WADE;4
WADI;4
WAEL;106
WAËL;169
WAFI;3
WAFIK;3
WAHAB;4
WAHEL;4
WAHIB;7
WAHID;13
WAHIL;35
WAHÏL;6
WAHYL;4
WAIL;19
WAÏL;90
WAÏSS;3
WAKIL;12
WALI;7
WALID;136
WALKER;3
WALLACE;3
WALLY;7
WALTER;7
WALY;11
WANDRILLE;19
WANIS;17
WANISS;3
WAREN;23
WARENN;7
WARIS;8
WARREN;236
WARRICK;4
WASIM;8
WASSIL;49
WASSIM;688
WASSIME;3
WASSYM;8
WAYAN;11
WAYANN;4
WAYAT;3
WAYATT;41
WAYDEN;5
WAYLON;15
WAYNE;42
WEALTH;6
WELLAN;7
WENCESLAS;4
WENDEL;3
WENDY;4
WENSLEY;6
WESLAY;3
WESLEY;144
WESSIM;5
WESSON;7
WESTON;5
WHYATT;3
WIAM;3
WIKTOR;7
WILAN;3
WILANN;11
WILFRIED;5
WILHAN;4
WILHELM;8
WILHEM;5
WILL;23
WILLAN;13
WILLEM;13
WILLIAM;705
WILLIAMS;12
WILLIAN;11
WILLO;4
WILLOW;14
WILLY;23
WILLYAM;11
WILLYAN;4
WILLYANN;3
WILO;8
WILSON;30
WINNER;20
WINSLEY;3
WINSTON;7
WISDOM;14
WISSAM;54
WISSEM;53
WLADIMIR;3
WYATT;204
WYLAN;19
WYLANN;7
WYLLEM;4
WYLLIAM;9
XALBAT;3
XAN;24
XAVI;5
XAVIER;61
YAACOUB;8
YAACOV;6
YAAKOUB;15
YAAKOV;4
YACIN;9
YACINE;246
YACOB;7
YACOUB;59
YACOUBA;22
YAEL;24
YAËL;151
YAGIZ;6
YAGO;7
YAHAYA;3
YAHIA;48
YAHYA;154
YAÏR;5
YAKHOUBA;6
YAKIM;3
YAKIN;4
YAKINE;9
YAKOUB;32
YAKOUBA;4
YAKUB;4
YAKUP;14
YAMADOU;3
YAMAN;16
YAMATO;3
YAMEN;9
YAMIN;33
YAMINE;51
YAMOUSSA;3
YAN;11
YANAËL;21
YANEL;14
YANI;31
YANICE;8
YANICK;3
YANIL;5
YANIS;1314
YANÏS;4
YANISS;37
YANISSE;14
YANKO;4
YANN;168
YANN-AËL;3
YANNAËL;3
YANNI;30
YANNICK;21
YANNIK;3
YANNIS;87
YAO;3
YAOUEN;3
YAQINE;5
YAQOUB;7
YARON;8
YASEEN;5
YASH;3
YASIN;66
YASINE;4
YASIR;9
YASSER;155
YASSIM;6
YASSIN;130
YASSINE;479
YASSIR;107
YASTEN;5
YAVUZ;14
YAVUZ-SELIM;3
YAYA;36
YAZAN;44
YAZANE;8
YAZEN;16
YAZID;152
YDRIS;4
YDRISS;7
YEHOUDA;4
YEKTA;4
YEMIN;3
YERO;4
YÉRO;3
YESSIN;3
YESSINE;4
YEZID;3
YI;4
YIGIT;20
YLAN;155
YLANE;6
YLANN;89
YLENZO;23
YLHAN;10
YLHANN;6
YLIAM;27
YLIAN;49
YLIANE;4
YLIANN;9
YLIANO;8
YLIAS;13
YLIASS;3
YLIES;23
YLIÈS;10
YLIESS;4
YLLAN;44
YLLIAN;4
YLOAN;4
YMRAN;8
YNAËL;8
YOAN;48
YOANE;4
YOANN;49
YOAV;4
YOEL;11
YOËL;4
YOEN;7
YOHAÏ;4
YOHAN;82
YOHANAN;3
YOHANN;34
YOLAN;13
YOLANN;6
YOLHAN;3
YON;6
YONA;7
YONAH;4
YONAS;14
YONATAN;5
YONATHAN;7
YONI;71
YONIS;4
YONNI;8
YORAM;3
YORAN;5
YORI;4
YORICK;12
YORIS;9
YOSHUA;3
YOSSEF;18
YOUBA;8
YOUCEF;154
YOUEN;9
YOUENN;36
YOUN;12
YOUNES;571
YOUNÉS;7
YOUNÈS;109
YOUNESS;57
YOUNESSE;3
YOUNI;3
YOUNIS;8
YOUNOUS;38
YOUNOUSS;14
YOURI;60
YOURY;3
YOUSEF;19
YOUSIF;3
YOUSOUF;3
YOUSRI;11
YOUSSEF;686
YOUSSOF;3
YOUSSOU;3
YOUSSOUF;205
YOUSSOUFA;3
YOUSSOUPH;4
YOUSSUF;3
YOUSUF;10
YOUVA;8
YOUWENN;3
YOVAN;6
YOWEN;3
YSAAC;12
YSHAÏ;4
YSMAEL;3
YSMAËL;12
YSSA;12
YUAN;3
YUGO;20
YUMA;10
YUNES;5
YUNUS;61
YÛNUS;11
YURI;47
YUSEF;7
YUSSEF;6
YUSSUF;23
YUSUF;192
YÛSUF;5
YUVA;3
YUVAN;3
YUVRAJ;5
YVAN;40
YVANE;5
YVANN;27
YVENSON;3
YVES;10
YWAN;4
YWEN;9
ZAC;15
ZACCARIA;3
ZACH;29
ZACHARI;5
ZACHARIA;9
ZACHARIAH;4
ZACHARIE;149
ZACHARY;88
ZACHARYA;3
ZACK;210
ZACKARI;3
ZACKARIA;11
ZACKARIE;4
ZACKARIYA;4
ZACKARY;29
ZACKARYA;6
ZADIG;27
ZAFIR;3
ZAHED;5
ZAHI;3
ZAHID;7
ZAHIM;4
ZAHIR;6
ZAÏAN;7
ZAID;23
ZAÏD;29
ZAIM;6
ZAÏM;36
ZAIN;13
ZAÏN;33
ZAK;23
ZAKARI;9
ZAKARIA;477
ZAKARIE;3
ZAKARIYA;158
ZAKARIYYA;6
ZAKARY;21
ZAKARYA;124
ZAKI;13
ZAKIR;4
ZAKY;4
ZALMAN;3
ZANA;4
ZAO;6
ZAVEN;31
ZAYAAN;4
ZAYAN;60
ZAYANE;14
ZAYANN;8
ZAYD;208
ZAYDEN;21
ZAYED;14
ZAYEN;4
ZAYI;6
ZAYID;7
ZAYN;417
ZAYNE;7
ZAYON;9
ZEID;4
ZEÏD;3
ZEIN;4
ZEKERIYA;3
ZÉLIO;7
ZENO;5
ZÉPHIR;14
ZÉPHYR;69
ZEYAD;4
ZEYD;51
ZEYN;20
ZEYNEL;3
ZIAD;119
ZIADE;3
ZIAN;27
ZIANE;13
ZIDANE;4
ZIED;19
ZIGGY;6
ZINE;7
ZINEDINE;35
ZINÉDINE;9
ZINO;4
ZION;42
ZIYA;5
ZIYAD;164
ZIYAN;4
ZIYANE;4
ZIYED;56
ZLATAN;7
ZOHAN;6
ZOLA;10
ZOLAN;5
ZORAN;14
ZOUBAYR;4
ZOUMANA;14
ZYAD;71
ZYAN;13
ZYANE;4
ZYED;31
ZYON;5